"year","locationabbr","locationdesc","class","topic","question","response","break_out","break_out_category","sample_size","data_value","confidence_limit_low","confidence_limit_high","display_order","data_value_unit","data_value_type","data_value_footnote_symbol","data_value_footnote","datasource","classid","topicid","locationid","breakoutid","breakoutcategoryid","questionid","responseid","geolocation"
"2023","AK","Alaska","Chronic Health Indicators","Depression","Ever told you that you have a form of depression?","Yes","Overall","Overall","1016","19.5","18","20.9","1","%","Crude Prevalence",,,"BRFSS","CLASS03","TOPIC17","02","BO1","CAT1","ADDEPEV3","RESP046","
,  
(64.84507995700051, -147.72205903599973)"
"2023","AK","Alaska","Chronic Health Indicators","Depression","Ever told you that you have a form of depression?","No","Overall","Overall","4465","80.5","79.1","82","2","%","Crude Prevalence",,,"BRFSS","CLASS03","TOPIC17","02","BO1","CAT1","ADDEPEV3","RESP054","
,  
(64.84507995700051, -147.72205903599973)"
"2023","AK","Alaska","Chronic Health Indicators","Depression","Ever told you that you have a form of depression?","Yes","Male","Sex","386","14.7","12.9","16.5","3","%","Crude Prevalence",,,"BRFSS","CLASS03","TOPIC17","02","SEX1","CAT2","ADDEPEV3","RESP046","
,  
(64.84507995700051, -147.72205903599973)"
"2023","AK","Alaska","Chronic Health Indicators","Depression","Ever told you that you have a form of depression?","No","Male","Sex","2400","85.3","83.5","87.1","4","%","Crude Prevalence",,,"BRFSS","CLASS03","TOPIC17","02","SEX1","CAT2","ADDEPEV3","RESP054","
,  
(64.84507995700051, -147.72205903599973)"
"2023","AK","Alaska","Chronic Health Indicators","Depression","Ever told you that you have a form of depression?","Yes","Female","Sex","630","24.6","22.3","26.9","5","%","Crude Prevalence",,,"BRFSS","CLASS03","TOPIC17","02","SEX2","CAT2","ADDEPEV3","RESP046","
,  
(64.84507995700051, -147.72205903599973)"
"2023","AK","Alaska","Chronic Health Indicators","Depression","Ever told you that you have a form of depression?","No","Female","Sex","2065","75.4","73.1","77.7","6","%","Crude Prevalence",,,"BRFSS","CLASS03","TOPIC17","02","SEX2","CAT2","ADDEPEV3","RESP054","
,  
(64.84507995700051, -147.72205903599973)"
"2023","AK","Alaska","Chronic Health Indicators","Depression","Ever told you that you have a form of depression?","Yes","18-24","Age Group","76","23.5","17.9","29.1","7","%","Crude Prevalence",,,"BRFSS","CLASS03","TOPIC17","02","AGE01","CAT3","ADDEPEV3","RESP046","
,  
(64.84507995700051, -147.72205903599973)"
"2023","AK","Alaska","Chronic Health Indicators","Depression","Ever told you that you have a form of depression?","No","18-24","Age Group","258","76.5","70.9","82.1","8","%","Crude Prevalence",,,"BRFSS","CLASS03","TOPIC17","02","AGE01","CAT3","ADDEPEV3","RESP054","
,  
(64.84507995700051, -147.72205903599973)"
"2023","AK","Alaska","Chronic Health Indicators","Depression","Ever told you that you have a form of depression?","Yes","25-34","Age Group","149","25.1","20.8","29.4","9","%","Crude Prevalence",,,"BRFSS","CLASS03","TOPIC17","02","AGE02","CAT3","ADDEPEV3","RESP046","
,  
(64.84507995700051, -147.72205903599973)"
"2023","AK","Alaska","Chronic Health Indicators","Depression","Ever told you that you have a form of depression?","No","25-34","Age Group","475","74.9","70.6","79.2","10","%","Crude Prevalence",,,"BRFSS","CLASS03","TOPIC17","02","AGE02","CAT3","ADDEPEV3","RESP054","
,  
(64.84507995700051, -147.72205903599973)"
"2023","AK","Alaska","Chronic Health Indicators","Depression","Ever told you that you have a form of depression?","Yes","35-44","Age Group","170","20.7","17.2","24.2","11","%","Crude Prevalence",,,"BRFSS","CLASS03","TOPIC17","02","AGE03","CAT3","ADDEPEV3","RESP046","
,  
(64.84507995700051, -147.72205903599973)"
"2023","AK","Alaska","Chronic Health Indicators","Depression","Ever told you that you have a form of depression?","No","35-44","Age Group","639","79.3","75.8","82.8","12","%","Crude Prevalence",,,"BRFSS","CLASS03","TOPIC17","02","AGE03","CAT3","ADDEPEV3","RESP054","
,  
(64.84507995700051, -147.72205903599973)"
"2023","AK","Alaska","Chronic Health Indicators","Depression","Ever told you that you have a form of depression?","Yes","45-54","Age Group","167","19","15.7","22.3","13","%","Crude Prevalence",,,"BRFSS","CLASS03","TOPIC17","02","AGE04","CAT3","ADDEPEV3","RESP046","
,  
(64.84507995700051, -147.72205903599973)"
"2023","AK","Alaska","Chronic Health Indicators","Depression","Ever told you that you have a form of depression?","No","45-54","Age Group","676","81","77.7","84.3","14","%","Crude Prevalence",,,"BRFSS","CLASS03","TOPIC17","02","AGE04","CAT3","ADDEPEV3","RESP054","
,  
(64.84507995700051, -147.72205903599973)"
"2023","AK","Alaska","Chronic Health Indicators","Depression","Ever told you that you have a form of depression?","Yes","55-64","Age Group","200","18.7","15.5","22","15","%","Crude Prevalence",,,"BRFSS","CLASS03","TOPIC17","02","AGE05","CAT3","ADDEPEV3","RESP046","
,  
(64.84507995700051, -147.72205903599973)"
"2023","AK","Alaska","Chronic Health Indicators","Depression","Ever told you that you have a form of depression?","No","55-64","Age Group","816","81.3","78","84.5","16","%","Crude Prevalence",,,"BRFSS","CLASS03","TOPIC17","02","AGE05","CAT3","ADDEPEV3","RESP054","
,  
(64.84507995700051, -147.72205903599973)"
"2023","AK","Alaska","Chronic Health Indicators","Depression","Ever told you that you have a form of depression?","Yes","65+","Age Group","254","11.7","9.9","13.6","17","%","Crude Prevalence",,,"BRFSS","CLASS03","TOPIC17","02","AGE09","CAT3","ADDEPEV3","RESP046","
,  
(64.84507995700051, -147.72205903599973)"
"2023","AK","Alaska","Chronic Health Indicators","Depression","Ever told you that you have a form of depression?","No","65+","Age Group","1601","88.3","86.4","90.1","18","%","Crude Prevalence",,,"BRFSS","CLASS03","TOPIC17","02","AGE09","CAT3","ADDEPEV3","RESP054","
,  
(64.84507995700051, -147.72205903599973)"
"2023","AK","Alaska","Chronic Health Indicators","Depression","Ever told you that you have a form of depression?","Yes","White, non-Hispanic","Race/Ethnicity","753","20.7","19","22.5","19","%","Crude Prevalence",,,"BRFSS","CLASS03","TOPIC17","02","RACE01","CAT4","ADDEPEV3","RESP046","
,  
(64.84507995700051, -147.72205903599973)"
"2023","AK","Alaska","Chronic Health Indicators","Depression","Ever told you that you have a form of depression?","No","White, non-Hispanic","Race/Ethnicity","3191","79.3","77.5","81","20","%","Crude Prevalence",,,"BRFSS","CLASS03","TOPIC17","02","RACE01","CAT4","ADDEPEV3","RESP054","
,  
(64.84507995700051, -147.72205903599973)"
"2023","AK","Alaska","Chronic Health Indicators","Depression","Ever told you that you have a form of depression?","Yes","Black, non-Hispanic","Race/Ethnicity","23","22.1","11.2","33","21","%","Crude Prevalence",,,"BRFSS","CLASS03","TOPIC17","02","RACE02","CAT4","ADDEPEV3","RESP046","
,  
(64.84507995700051, -147.72205903599973)"
"2023","AK","Alaska","Chronic Health Indicators","Depression","Ever told you that you have a form of depression?","No","Black, non-Hispanic","Race/Ethnicity","106","77.9","67","88.8","22","%","Crude Prevalence",,,"BRFSS","CLASS03","TOPIC17","02","RACE02","CAT4","ADDEPEV3","RESP054","
,  
(64.84507995700051, -147.72205903599973)"
"2023","AK","Alaska","Chronic Health Indicators","Depression","Ever told you that you have a form of depression?","Yes","American Indian or Alaskan Native, non-Hispanic","Race/Ethnicity","100","13.3","9.9","16.7","23","%","Crude Prevalence",,,"BRFSS","CLASS03","TOPIC17","02","RACE03","CAT4","ADDEPEV3","RESP046","
,  
(64.84507995700051, -147.72205903599973)"
"2023","AK","Alaska","Chronic Health Indicators","Depression","Ever told you that you have a form of depression?","No","American Indian or Alaskan Native, non-Hispanic","Race/Ethnicity","573","86.7","83.3","90.1","24","%","Crude Prevalence",,,"BRFSS","CLASS03","TOPIC17","02","RACE03","CAT4","ADDEPEV3","RESP054","
,  
(64.84507995700051, -147.72205903599973)"
"2023","AK","Alaska","Chronic Health Indicators","Depression","Ever told you that you have a form of depression?","Yes","Asian, non-Hispanic","Race/Ethnicity","13",,,,"25","%","Crude Prevalence","*","Prevalence estimate not available if the unweighted sample size for the denominator was < 50 or the Relative Standard Error (RSE) is > 0.3 or if the state did not collect data for that calendar year.","BRFSS","CLASS03","TOPIC17","02","RACE04","CAT4","ADDEPEV3","RESP046","
,  
(64.84507995700051, -147.72205903599973)"
"2023","AK","Alaska","Chronic Health Indicators","Depression","Ever told you that you have a form of depression?","No","Asian, non-Hispanic","Race/Ethnicity","117","91.6","86.4","96.7","26","%","Crude Prevalence",,,"BRFSS","CLASS03","TOPIC17","02","RACE04","CAT4","ADDEPEV3","RESP054","
,  
(64.84507995700051, -147.72205903599973)"
"2023","AK","Alaska","Chronic Health Indicators","Depression","Ever told you that you have a form of depression?","Yes","Native Hawaiian or other Pacific Islander, non-Hispanic","Race/Ethnicity","4",,,,"27","%","Crude Prevalence","*","Prevalence estimate not available if the unweighted sample size for the denominator was < 50 or the Relative Standard Error (RSE) is > 0.3 or if the state did not collect data for that calendar year.","BRFSS","CLASS03","TOPIC17","02","RACE05","CAT4","ADDEPEV3","RESP046","
,  
(64.84507995700051, -147.72205903599973)"
"2023","AK","Alaska","Chronic Health Indicators","Depression","Ever told you that you have a form of depression?","No","Native Hawaiian or other Pacific Islander, non-Hispanic","Race/Ethnicity","32",,,,"28","%","Crude Prevalence","*","Prevalence estimate not available if the unweighted sample size for the denominator was < 50 or the Relative Standard Error (RSE) is > 0.3 or if the state did not collect data for that calendar year.","BRFSS","CLASS03","TOPIC17","02","RACE05","CAT4","ADDEPEV3","RESP054","
,  
(64.84507995700051, -147.72205903599973)"
"2023","AK","Alaska","Chronic Health Indicators","Depression","Ever told you that you have a form of depression?","Yes","Other, non-Hispanic","Race/Ethnicity","8",,,,"29","%","Crude Prevalence","*","Prevalence estimate not available if the unweighted sample size for the denominator was < 50 or the Relative Standard Error (RSE) is > 0.3 or if the state did not collect data for that calendar year.","BRFSS","CLASS03","TOPIC17","02","RACE06","CAT4","ADDEPEV3","RESP046","
,  
(64.84507995700051, -147.72205903599973)"
"2023","AK","Alaska","Chronic Health Indicators","Depression","Ever told you that you have a form of depression?","No","Other, non-Hispanic","Race/Ethnicity","47","92","85.9","98.2","30","%","Crude Prevalence",,,"BRFSS","CLASS03","TOPIC17","02","RACE06","CAT4","ADDEPEV3","RESP054","
,  
(64.84507995700051, -147.72205903599973)"
"2023","AK","Alaska","Chronic Health Indicators","Depression","Ever told you that you have a form of depression?","Yes","Multiracial, non-Hispanic","Race/Ethnicity","72","29.1","21.9","36.2","31","%","Crude Prevalence",,,"BRFSS","CLASS03","TOPIC17","02","RACE07","CAT4","ADDEPEV3","RESP046","
,  
(64.84507995700051, -147.72205903599973)"
"2023","AK","Alaska","Chronic Health Indicators","Depression","Ever told you that you have a form of depression?","No","Multiracial, non-Hispanic","Race/Ethnicity","220","70.9","63.7","78","32","%","Crude Prevalence",,,"BRFSS","CLASS03","TOPIC17","02","RACE07","CAT4","ADDEPEV3","RESP054","
,  
(64.84507995700051, -147.72205903599973)"
"2023","AK","Alaska","Chronic Health Indicators","Depression","Ever told you that you have a form of depression?","Yes","Hispanic","Race/Ethnicity","43","21.7","14.8","28.6","33","%","Crude Prevalence",,,"BRFSS","CLASS03","TOPIC17","02","RACE08","CAT4","ADDEPEV3","RESP046","
,  
(64.84507995700051, -147.72205903599973)"
"2023","AK","Alaska","Chronic Health Indicators","Depression","Ever told you that you have a form of depression?","No","Hispanic","Race/Ethnicity","178","78.3","71.4","85.2","34","%","Crude Prevalence",,,"BRFSS","CLASS03","TOPIC17","02","RACE08","CAT4","ADDEPEV3","RESP054","
,  
(64.84507995700051, -147.72205903599973)"
"2023","AK","Alaska","Chronic Health Indicators","Depression","Ever told you that you have a form of depression?","Yes","Less than H.S.","Education Attained","31","15.6","9.2","22","35","%","Crude Prevalence",,,"BRFSS","CLASS03","TOPIC17","02","EDUCA1","CAT5","ADDEPEV3","RESP046","
,  
(64.84507995700051, -147.72205903599973)"
"2023","AK","Alaska","Chronic Health Indicators","Depression","Ever told you that you have a form of depression?","No","Less than H.S.","Education Attained","177","84.4","78","90.8","36","%","Crude Prevalence",,,"BRFSS","CLASS03","TOPIC17","02","EDUCA1","CAT5","ADDEPEV3","RESP054","
,  
(64.84507995700051, -147.72205903599973)"
"2023","AK","Alaska","Chronic Health Indicators","Depression","Ever told you that you have a form of depression?","Yes","H.S. or G.E.D.","Education Attained","241","18.5","15.8","21.2","37","%","Crude Prevalence",,,"BRFSS","CLASS03","TOPIC17","02","EDUCA2","CAT5","ADDEPEV3","RESP046","
,  
(64.84507995700051, -147.72205903599973)"
"2023","AK","Alaska","Chronic Health Indicators","Depression","Ever told you that you have a form of depression?","No","H.S. or G.E.D.","Education Attained","1181","81.5","78.8","84.2","38","%","Crude Prevalence",,,"BRFSS","CLASS03","TOPIC17","02","EDUCA2","CAT5","ADDEPEV3","RESP054","
,  
(64.84507995700051, -147.72205903599973)"
"2023","AK","Alaska","Chronic Health Indicators","Depression","Ever told you that you have a form of depression?","Yes","Some post-H.S.","Education Attained","335","22.8","20","25.6","39","%","Crude Prevalence",,,"BRFSS","CLASS03","TOPIC17","02","EDUCA3","CAT5","ADDEPEV3","RESP046","
,  
(64.84507995700051, -147.72205903599973)"
"2023","AK","Alaska","Chronic Health Indicators","Depression","Ever told you that you have a form of depression?","No","Some post-H.S.","Education Attained","1226","77.2","74.4","80","40","%","Crude Prevalence",,,"BRFSS","CLASS03","TOPIC17","02","EDUCA3","CAT5","ADDEPEV3","RESP054","
,  
(64.84507995700051, -147.72205903599973)"
"2023","AK","Alaska","Chronic Health Indicators","Depression","Ever told you that you have a form of depression?","Yes","College graduate","Education Attained","407","17.8","15.6","19.9","41","%","Crude Prevalence",,,"BRFSS","CLASS03","TOPIC17","02","EDUCA4","CAT5","ADDEPEV3","RESP046","
,  
(64.84507995700051, -147.72205903599973)"
"2023","AK","Alaska","Chronic Health Indicators","Depression","Ever told you that you have a form of depression?","No","College graduate","Education Attained","1850","82.2","80.1","84.4","42","%","Crude Prevalence",,,"BRFSS","CLASS03","TOPIC17","02","EDUCA4","CAT5","ADDEPEV3","RESP054","
,  
(64.84507995700051, -147.72205903599973)"
"2023","AK","Alaska","Chronic Health Indicators","Depression","Ever told you that you have a form of depression?","Yes","Less than $15,000","Household Income","61","32.2","23.3","41.1","43","%","Crude Prevalence",,,"BRFSS","CLASS03","TOPIC17","02","INCOME01","CAT6","ADDEPEV3","RESP046","
,  
(64.84507995700051, -147.72205903599973)"
"2023","AK","Alaska","Chronic Health Indicators","Depression","Ever told you that you have a form of depression?","No","Less than $15,000","Household Income","141","67.8","58.9","76.7","44","%","Crude Prevalence",,,"BRFSS","CLASS03","TOPIC17","02","INCOME01","CAT6","ADDEPEV3","RESP054","
,  
(64.84507995700051, -147.72205903599973)"
"2023","AK","Alaska","Chronic Health Indicators","Depression","Ever told you that you have a form of depression?","Yes","$15,000-$24,999","Household Income","83","24.1","18.1","30.1","45","%","Crude Prevalence",,,"BRFSS","CLASS03","TOPIC17","02","INCOME02","CAT6","ADDEPEV3","RESP046","
,  
(64.84507995700051, -147.72205903599973)"
"2023","AK","Alaska","Chronic Health Indicators","Depression","Ever told you that you have a form of depression?","No","$15,000-$24,999","Household Income","226","75.9","69.9","81.9","46","%","Crude Prevalence",,,"BRFSS","CLASS03","TOPIC17","02","INCOME02","CAT6","ADDEPEV3","RESP054","
,  
(64.84507995700051, -147.72205903599973)"
"2023","AK","Alaska","Chronic Health Indicators","Depression","Ever told you that you have a form of depression?","Yes","$25,000-$34,999","Household Income","112","32.2","25.9","38.6","47","%","Crude Prevalence",,,"BRFSS","CLASS03","TOPIC17","02","INCOME03","CAT6","ADDEPEV3","RESP046","
,  
(64.84507995700051, -147.72205903599973)"
"2023","AK","Alaska","Chronic Health Indicators","Depression","Ever told you that you have a form of depression?","No","$25,000-$34,999","Household Income","288","67.8","61.4","74.1","48","%","Crude Prevalence",,,"BRFSS","CLASS03","TOPIC17","02","INCOME03","CAT6","ADDEPEV3","RESP054","
,  
(64.84507995700051, -147.72205903599973)"
"2023","AK","Alaska","Chronic Health Indicators","Depression","Ever told you that you have a form of depression?","Yes","$35,000-$49,999","Household Income","104","20.4","15.5","25.3","49","%","Crude Prevalence",,,"BRFSS","CLASS03","TOPIC17","02","INCOME04","CAT6","ADDEPEV3","RESP046","
,  
(64.84507995700051, -147.72205903599973)"
"2023","AK","Alaska","Chronic Health Indicators","Depression","Ever told you that you have a form of depression?","No","$35,000-$49,999","Household Income","402","79.6","74.7","84.5","50","%","Crude Prevalence",,,"BRFSS","CLASS03","TOPIC17","02","INCOME04","CAT6","ADDEPEV3","RESP054","
,  
(64.84507995700051, -147.72205903599973)"
"2023","AK","Alaska","Chronic Health Indicators","Depression","Ever told you that you have a form of depression?","Yes","$50,000-$99,999","Household Income","273","19.2","16.4","22","51","%","Crude Prevalence",,,"BRFSS","CLASS03","TOPIC17","02","INCOME05","CAT6","ADDEPEV3","RESP046","
,  
(64.84507995700051, -147.72205903599973)"
"2023","AK","Alaska","Chronic Health Indicators","Depression","Ever told you that you have a form of depression?","No","$50,000-$99,999","Household Income","1291","80.8","78","83.6","52","%","Crude Prevalence",,,"BRFSS","CLASS03","TOPIC17","02","INCOME05","CAT6","ADDEPEV3","RESP054","
,  
(64.84507995700051, -147.72205903599973)"
"2023","AK","Alaska","Chronic Health Indicators","Depression","Ever told you that you have a form of depression?","Yes","$100,000-$199,999","Household Income","186","15.3","12.5","18","53","%","Crude Prevalence",,,"BRFSS","CLASS03","TOPIC17","02","INCOME06","CAT6","ADDEPEV3","RESP046","
,  
(64.84507995700051, -147.72205903599973)"
"2023","AK","Alaska","Chronic Health Indicators","Depression","Ever told you that you have a form of depression?","No","$100,000-$199,999","Household Income","986","84.7","82","87.5","54","%","Crude Prevalence",,,"BRFSS","CLASS03","TOPIC17","02","INCOME06","CAT6","ADDEPEV3","RESP054","
,  
(64.84507995700051, -147.72205903599973)"
"2023","AK","Alaska","Chronic Health Indicators","Depression","Ever told you that you have a form of depression?","Yes","$200,000+","Household Income","51","16.7","11.1","22.2","55","%","Crude Prevalence",,,"BRFSS","CLASS03","TOPIC17","02","INCOME07","CAT6","ADDEPEV3","RESP046","
,  
(64.84507995700051, -147.72205903599973)"
"2023","AK","Alaska","Chronic Health Indicators","Depression","Ever told you that you have a form of depression?","No","$200,000+","Household Income","259","83.3","77.8","88.9","56","%","Crude Prevalence",,,"BRFSS","CLASS03","TOPIC17","02","INCOME07","CAT6","ADDEPEV3","RESP054","
,  
(64.84507995700051, -147.72205903599973)"
"2023","AK","Alaska","Demographics","Age","What is your age?","18-24 years","Overall","Overall","339","12.6","11.1","14.1","57","%","Crude Prevalence",,,"BRFSS","CLASS05","TOPIC02","02","BO1","CAT1","AGE","RESP010","
,  
(64.84507995700051, -147.72205903599973)"
"2023","AK","Alaska","Demographics","Age","What is your age?","25-34 years","Overall","Overall","632","18.2","16.6","19.7","58","%","Crude Prevalence",,,"BRFSS","CLASS05","TOPIC02","02","BO1","CAT1","AGE","RESP011","
,  
(64.84507995700051, -147.72205903599973)"
"2023","AK","Alaska","Demographics","Age","What is your age?","35-44 years","Overall","Overall","817","18.6","17.1","20","59","%","Crude Prevalence",,,"BRFSS","CLASS05","TOPIC02","02","BO1","CAT1","AGE","RESP012","
,  
(64.84507995700051, -147.72205903599973)"
"2023","AK","Alaska","Demographics","Age","What is your age?","45-54 years","Overall","Overall","852","14.8","13.6","16.1","60","%","Crude Prevalence",,,"BRFSS","CLASS05","TOPIC02","02","BO1","CAT1","AGE","RESP013","
,  
(64.84507995700051, -147.72205903599973)"
"2023","AK","Alaska","Demographics","Age","What is your age?","55-64 years","Overall","Overall","1021","15.9","14.6","17.1","61","%","Crude Prevalence",,,"BRFSS","CLASS05","TOPIC02","02","BO1","CAT1","AGE","RESP014","
,  
(64.84507995700051, -147.72205903599973)"
"2023","AK","Alaska","Demographics","Age","What is your age?","65+ years","Overall","Overall","1864","20","18.7","21.2","62","%","Crude Prevalence",,,"BRFSS","CLASS05","TOPIC02","02","BO1","CAT1","AGE","RESP015","
,  
(64.84507995700051, -147.72205903599973)"
"2023","AK","Alaska","Demographics","Age","What is your age?","18-24 years","Male","Sex","201","13.4","11.4","15.4","63","%","Crude Prevalence",,,"BRFSS","CLASS05","TOPIC02","02","SEX1","CAT2","AGE","RESP010","
,  
(64.84507995700051, -147.72205903599973)"
"2023","AK","Alaska","Demographics","Age","What is your age?","25-34 years","Male","Sex","330","18.6","16.4","20.7","64","%","Crude Prevalence",,,"BRFSS","CLASS05","TOPIC02","02","SEX1","CAT2","AGE","RESP011","
,  
(64.84507995700051, -147.72205903599973)"
"2023","AK","Alaska","Demographics","Age","What is your age?","35-44 years","Male","Sex","419","18.5","16.5","20.6","65","%","Crude Prevalence",,,"BRFSS","CLASS05","TOPIC02","02","SEX1","CAT2","AGE","RESP012","
,  
(64.84507995700051, -147.72205903599973)"
"2023","AK","Alaska","Demographics","Age","What is your age?","45-54 years","Male","Sex","432","14.8","13.1","16.5","66","%","Crude Prevalence",,,"BRFSS","CLASS05","TOPIC02","02","SEX1","CAT2","AGE","RESP013","
,  
(64.84507995700051, -147.72205903599973)"
"2023","AK","Alaska","Demographics","Age","What is your age?","55-64 years","Male","Sex","520","15.8","14.1","17.5","67","%","Crude Prevalence",,,"BRFSS","CLASS05","TOPIC02","02","SEX1","CAT2","AGE","RESP014","
,  
(64.84507995700051, -147.72205903599973)"
"2023","AK","Alaska","Demographics","Age","What is your age?","65+ years","Male","Sex","908","18.9","17.2","20.6","68","%","Crude Prevalence",,,"BRFSS","CLASS05","TOPIC02","02","SEX1","CAT2","AGE","RESP015","
,  
(64.84507995700051, -147.72205903599973)"
"2023","AK","Alaska","Demographics","Age","What is your age?","18-24 years","Female","Sex","138","11.8","9.6","13.9","69","%","Crude Prevalence",,,"BRFSS","CLASS05","TOPIC02","02","SEX2","CAT2","AGE","RESP010","
,  
(64.84507995700051, -147.72205903599973)"
"2023","AK","Alaska","Demographics","Age","What is your age?","25-34 years","Female","Sex","302","17.8","15.5","20","70","%","Crude Prevalence",,,"BRFSS","CLASS05","TOPIC02","02","SEX2","CAT2","AGE","RESP011","
,  
(64.84507995700051, -147.72205903599973)"
"2023","AK","Alaska","Demographics","Age","What is your age?","35-44 years","Female","Sex","398","18.6","16.4","20.7","71","%","Crude Prevalence",,,"BRFSS","CLASS05","TOPIC02","02","SEX2","CAT2","AGE","RESP012","
,  
(64.84507995700051, -147.72205903599973)"
"2023","AK","Alaska","Demographics","Age","What is your age?","45-54 years","Female","Sex","420","14.9","13.2","16.6","72","%","Crude Prevalence",,,"BRFSS","CLASS05","TOPIC02","02","SEX2","CAT2","AGE","RESP013","
,  
(64.84507995700051, -147.72205903599973)"
"2023","AK","Alaska","Demographics","Age","What is your age?","55-64 years","Female","Sex","501","16","14.1","17.8","73","%","Crude Prevalence",,,"BRFSS","CLASS05","TOPIC02","02","SEX2","CAT2","AGE","RESP014","
,  
(64.84507995700051, -147.72205903599973)"
"2023","AK","Alaska","Demographics","Age","What is your age?","65+ years","Female","Sex","956","21.1","19.2","22.9","74","%","Crude Prevalence",,,"BRFSS","CLASS05","TOPIC02","02","SEX2","CAT2","AGE","RESP015","
,  
(64.84507995700051, -147.72205903599973)"
"2023","AK","Alaska","Demographics","Age","What is your age?","18-24 years","White, non-Hispanic","Race/Ethnicity","166","10.5","8.8","12.2","75","%","Crude Prevalence",,,"BRFSS","CLASS05","TOPIC02","02","RACE01","CAT4","AGE","RESP010","
,  
(64.84507995700051, -147.72205903599973)"
"2023","AK","Alaska","Demographics","Age","What is your age?","25-34 years","White, non-Hispanic","Race/Ethnicity","361","15.5","13.8","17.2","76","%","Crude Prevalence",,,"BRFSS","CLASS05","TOPIC02","02","RACE01","CAT4","AGE","RESP011","
,  
(64.84507995700051, -147.72205903599973)"
"2023","AK","Alaska","Demographics","Age","What is your age?","35-44 years","White, non-Hispanic","Race/Ethnicity","543","17.7","16.1","19.3","77","%","Crude Prevalence",,,"BRFSS","CLASS05","TOPIC02","02","RACE01","CAT4","AGE","RESP012","
,  
(64.84507995700051, -147.72205903599973)"
"2023","AK","Alaska","Demographics","Age","What is your age?","45-54 years","White, non-Hispanic","Race/Ethnicity","600","15.2","13.8","16.6","78","%","Crude Prevalence",,,"BRFSS","CLASS05","TOPIC02","02","RACE01","CAT4","AGE","RESP013","
,  
(64.84507995700051, -147.72205903599973)"
"2023","AK","Alaska","Demographics","Age","What is your age?","55-64 years","White, non-Hispanic","Race/Ethnicity","751","16.5","15.1","18","79","%","Crude Prevalence",,,"BRFSS","CLASS05","TOPIC02","02","RACE01","CAT4","AGE","RESP014","
,  
(64.84507995700051, -147.72205903599973)"
"2023","AK","Alaska","Demographics","Age","What is your age?","65+ years","White, non-Hispanic","Race/Ethnicity","1553","24.6","23","26.1","80","%","Crude Prevalence",,,"BRFSS","CLASS05","TOPIC02","02","RACE01","CAT4","AGE","RESP015","
,  
(64.84507995700051, -147.72205903599973)"
"2023","AK","Alaska","Demographics","Age","What is your age?","18-24 years","Black, non-Hispanic","Race/Ethnicity","11",,,,"81","%","Crude Prevalence","*","Prevalence estimate not available if the unweighted sample size for the denominator was < 50 or the Relative Standard Error (RSE) is > 0.3 or if the state did not collect data for that calendar year.","BRFSS","CLASS05","TOPIC02","02","RACE02","CAT4","AGE","RESP010","
,  
(64.84507995700051, -147.72205903599973)"
"2023","AK","Alaska","Demographics","Age","What is your age?","25-34 years","Black, non-Hispanic","Race/Ethnicity","18","17.5","8.7","26.3","82","%","Crude Prevalence",,,"BRFSS","CLASS05","TOPIC02","02","RACE02","CAT4","AGE","RESP011","
,  
(64.84507995700051, -147.72205903599973)"
"2023","AK","Alaska","Demographics","Age","What is your age?","35-44 years","Black, non-Hispanic","Race/Ethnicity","16","15.7","7.1","24.4","83","%","Crude Prevalence",,,"BRFSS","CLASS05","TOPIC02","02","RACE02","CAT4","AGE","RESP012","
,  
(64.84507995700051, -147.72205903599973)"
"2023","AK","Alaska","Demographics","Age","What is your age?","45-54 years","Black, non-Hispanic","Race/Ethnicity","25","14.3","7.9","20.7","84","%","Crude Prevalence",,,"BRFSS","CLASS05","TOPIC02","02","RACE02","CAT4","AGE","RESP013","
,  
(64.84507995700051, -147.72205903599973)"
"2023","AK","Alaska","Demographics","Age","What is your age?","55-64 years","Black, non-Hispanic","Race/Ethnicity","33","22.5","13.9","31","85","%","Crude Prevalence",,,"BRFSS","CLASS05","TOPIC02","02","RACE02","CAT4","AGE","RESP014","
,  
(64.84507995700051, -147.72205903599973)"
"2023","AK","Alaska","Demographics","Age","What is your age?","65+ years","Black, non-Hispanic","Race/Ethnicity","26","11.3","6.1","16.4","86","%","Crude Prevalence",,,"BRFSS","CLASS05","TOPIC02","02","RACE02","CAT4","AGE","RESP015","
,  
(64.84507995700051, -147.72205903599973)"
"2023","AK","Alaska","Demographics","Age","What is your age?","18-24 years","American Indian or Alaskan Native, non-Hispanic","Race/Ethnicity","77","14.8","11","18.5","87","%","Crude Prevalence",,,"BRFSS","CLASS05","TOPIC02","02","RACE03","CAT4","AGE","RESP010","
,  
(64.84507995700051, -147.72205903599973)"
"2023","AK","Alaska","Demographics","Age","What is your age?","25-34 years","American Indian or Alaskan Native, non-Hispanic","Race/Ethnicity","95","19.4","15.2","23.5","88","%","Crude Prevalence",,,"BRFSS","CLASS05","TOPIC02","02","RACE03","CAT4","AGE","RESP011","
,  
(64.84507995700051, -147.72205903599973)"
"2023","AK","Alaska","Demographics","Age","What is your age?","35-44 years","American Indian or Alaskan Native, non-Hispanic","Race/Ethnicity","109","18.3","13.7","23","89","%","Crude Prevalence",,,"BRFSS","CLASS05","TOPIC02","02","RACE03","CAT4","AGE","RESP012","
,  
(64.84507995700051, -147.72205903599973)"
"2023","AK","Alaska","Demographics","Age","What is your age?","45-54 years","American Indian or Alaskan Native, non-Hispanic","Race/Ethnicity","103","15.5","11.7","19.2","90","%","Crude Prevalence",,,"BRFSS","CLASS05","TOPIC02","02","RACE03","CAT4","AGE","RESP013","
,  
(64.84507995700051, -147.72205903599973)"
"2023","AK","Alaska","Demographics","Age","What is your age?","55-64 years","American Indian or Alaskan Native, non-Hispanic","Race/Ethnicity","135","17.5","13.4","21.7","91","%","Crude Prevalence",,,"BRFSS","CLASS05","TOPIC02","02","RACE03","CAT4","AGE","RESP014","
,  
(64.84507995700051, -147.72205903599973)"
"2023","AK","Alaska","Demographics","Age","What is your age?","65+ years","American Indian or Alaskan Native, non-Hispanic","Race/Ethnicity","157","14.5","11.5","17.5","92","%","Crude Prevalence",,,"BRFSS","CLASS05","TOPIC02","02","RACE03","CAT4","AGE","RESP015","
,  
(64.84507995700051, -147.72205903599973)"
"2023","AK","Alaska","Demographics","Age","What is your age?","18-24 years","Asian, non-Hispanic","Race/Ethnicity","9",,,,"93","%","Crude Prevalence","*","Prevalence estimate not available if the unweighted sample size for the denominator was < 50 or the Relative Standard Error (RSE) is > 0.3 or if the state did not collect data for that calendar year.","BRFSS","CLASS05","TOPIC02","02","RACE04","CAT4","AGE","RESP010","
,  
(64.84507995700051, -147.72205903599973)"
"2023","AK","Alaska","Demographics","Age","What is your age?","25-34 years","Asian, non-Hispanic","Race/Ethnicity","29","24.2","15","33.4","94","%","Crude Prevalence",,,"BRFSS","CLASS05","TOPIC02","02","RACE04","CAT4","AGE","RESP011","
,  
(64.84507995700051, -147.72205903599973)"
"2023","AK","Alaska","Demographics","Age","What is your age?","35-44 years","Asian, non-Hispanic","Race/Ethnicity","33","24.2","15.1","33.2","95","%","Crude Prevalence",,,"BRFSS","CLASS05","TOPIC02","02","RACE04","CAT4","AGE","RESP012","
,  
(64.84507995700051, -147.72205903599973)"
"2023","AK","Alaska","Demographics","Age","What is your age?","45-54 years","Asian, non-Hispanic","Race/Ethnicity","21","18.2","9.9","26.4","96","%","Crude Prevalence",,,"BRFSS","CLASS05","TOPIC02","02","RACE04","CAT4","AGE","RESP013","
,  
(64.84507995700051, -147.72205903599973)"
"2023","AK","Alaska","Demographics","Age","What is your age?","55-64 years","Asian, non-Hispanic","Race/Ethnicity","14","11.6","5","18.3","97","%","Crude Prevalence",,,"BRFSS","CLASS05","TOPIC02","02","RACE04","CAT4","AGE","RESP014","
,  
(64.84507995700051, -147.72205903599973)"
"2023","AK","Alaska","Demographics","Age","What is your age?","65+ years","Asian, non-Hispanic","Race/Ethnicity","25","14.8","6.9","22.7","98","%","Crude Prevalence",,,"BRFSS","CLASS05","TOPIC02","02","RACE04","CAT4","AGE","RESP015","
,  
(64.84507995700051, -147.72205903599973)"
"2023","AK","Alaska","Demographics","Age","What is your age?","18-24 years","Native Hawaiian or other Pacific Islander, non-Hispanic","Race/Ethnicity","4",,,,"99","%","Crude Prevalence","*","Prevalence estimate not available if the unweighted sample size for the denominator was < 50 or the Relative Standard Error (RSE) is > 0.3 or if the state did not collect data for that calendar year.","BRFSS","CLASS05","TOPIC02","02","RACE05","CAT4","AGE","RESP010","
,  
(64.84507995700051, -147.72205903599973)"
"2023","AK","Alaska","Demographics","Age","What is your age?","25-34 years","Native Hawaiian or other Pacific Islander, non-Hispanic","Race/Ethnicity","13",,,,"100","%","Crude Prevalence","*","Prevalence estimate not available if the unweighted sample size for the denominator was < 50 or the Relative Standard Error (RSE) is > 0.3 or if the state did not collect data for that calendar year.","BRFSS","CLASS05","TOPIC02","02","RACE05","CAT4","AGE","RESP011","
,  
(64.84507995700051, -147.72205903599973)"
"2023","AK","Alaska","Demographics","Age","What is your age?","35-44 years","Native Hawaiian or other Pacific Islander, non-Hispanic","Race/Ethnicity","8",,,,"101","%","Crude Prevalence","*","Prevalence estimate not available if the unweighted sample size for the denominator was < 50 or the Relative Standard Error (RSE) is > 0.3 or if the state did not collect data for that calendar year.","BRFSS","CLASS05","TOPIC02","02","RACE05","CAT4","AGE","RESP012","
,  
(64.84507995700051, -147.72205903599973)"
"2023","AK","Alaska","Demographics","Age","What is your age?","45-54 years","Native Hawaiian or other Pacific Islander, non-Hispanic","Race/Ethnicity","5",,,,"102","%","Crude Prevalence","*","Prevalence estimate not available if the unweighted sample size for the denominator was < 50 or the Relative Standard Error (RSE) is > 0.3 or if the state did not collect data for that calendar year.","BRFSS","CLASS05","TOPIC02","02","RACE05","CAT4","AGE","RESP013","
,  
(64.84507995700051, -147.72205903599973)"
"2023","AK","Alaska","Demographics","Age","What is your age?","55-64 years","Native Hawaiian or other Pacific Islander, non-Hispanic","Race/Ethnicity","5",,,,"103","%","Crude Prevalence","*","Prevalence estimate not available if the unweighted sample size for the denominator was < 50 or the Relative Standard Error (RSE) is > 0.3 or if the state did not collect data for that calendar year.","BRFSS","CLASS05","TOPIC02","02","RACE05","CAT4","AGE","RESP014","
,  
(64.84507995700051, -147.72205903599973)"
"2023","AK","Alaska","Demographics","Age","What is your age?","65+ years","Native Hawaiian or other Pacific Islander, non-Hispanic","Race/Ethnicity","1",,,,"104","%","Crude Prevalence","*","Prevalence estimate not available if the unweighted sample size for the denominator was < 50 or the Relative Standard Error (RSE) is > 0.3 or if the state did not collect data for that calendar year.","BRFSS","CLASS05","TOPIC02","02","RACE05","CAT4","AGE","RESP015","
,  
(64.84507995700051, -147.72205903599973)"
"2023","AK","Alaska","Demographics","Age","What is your age?","18-24 years","Other, non-Hispanic","Race/Ethnicity","2",,,,"105","%","Crude Prevalence","*","Prevalence estimate not available if the unweighted sample size for the denominator was < 50 or the Relative Standard Error (RSE) is > 0.3 or if the state did not collect data for that calendar year.","BRFSS","CLASS05","TOPIC02","02","RACE06","CAT4","AGE","RESP010","
,  
(64.84507995700051, -147.72205903599973)"
"2023","AK","Alaska","Demographics","Age","What is your age?","25-34 years","Other, non-Hispanic","Race/Ethnicity","0",,,,"106","%","Crude Prevalence","***","No responses for this data cell","BRFSS","CLASS05","TOPIC02","02","RACE06","CAT4","AGE","RESP011","
,  
(64.84507995700051, -147.72205903599973)"
"2023","AK","Alaska","Demographics","Age","What is your age?","35-44 years","Other, non-Hispanic","Race/Ethnicity","3",,,,"107","%","Crude Prevalence","*","Prevalence estimate not available if the unweighted sample size for the denominator was < 50 or the Relative Standard Error (RSE) is > 0.3 or if the state did not collect data for that calendar year.","BRFSS","CLASS05","TOPIC02","02","RACE06","CAT4","AGE","RESP012","
,  
(64.84507995700051, -147.72205903599973)"
"2023","AK","Alaska","Demographics","Age","What is your age?","45-54 years","Other, non-Hispanic","Race/Ethnicity","10",,,,"108","%","Crude Prevalence","*","Prevalence estimate not available if the unweighted sample size for the denominator was < 50 or the Relative Standard Error (RSE) is > 0.3 or if the state did not collect data for that calendar year.","BRFSS","CLASS05","TOPIC02","02","RACE06","CAT4","AGE","RESP013","
,  
(64.84507995700051, -147.72205903599973)"
"2023","AK","Alaska","Demographics","Age","What is your age?","55-64 years","Other, non-Hispanic","Race/Ethnicity","11",,,,"109","%","Crude Prevalence","*","Prevalence estimate not available if the unweighted sample size for the denominator was < 50 or the Relative Standard Error (RSE) is > 0.3 or if the state did not collect data for that calendar year.","BRFSS","CLASS05","TOPIC02","02","RACE06","CAT4","AGE","RESP014","
,  
(64.84507995700051, -147.72205903599973)"
"2023","AK","Alaska","Demographics","Age","What is your age?","65+ years","Other, non-Hispanic","Race/Ethnicity","30","46.9","29.6","64.1","110","%","Crude Prevalence",,,"BRFSS","CLASS05","TOPIC02","02","RACE06","CAT4","AGE","RESP015","
,  
(64.84507995700051, -147.72205903599973)"
"2023","AK","Alaska","Demographics","Age","What is your age?","18-24 years","Multiracial, non-Hispanic","Race/Ethnicity","35","15.7","10","21.4","111","%","Crude Prevalence",,,"BRFSS","CLASS05","TOPIC02","02","RACE07","CAT4","AGE","RESP010","
,  
(64.84507995700051, -147.72205903599973)"
"2023","AK","Alaska","Demographics","Age","What is your age?","25-34 years","Multiracial, non-Hispanic","Race/Ethnicity","65","28","20.8","35.1","112","%","Crude Prevalence",,,"BRFSS","CLASS05","TOPIC02","02","RACE07","CAT4","AGE","RESP011","
,  
(64.84507995700051, -147.72205903599973)"
"2023","AK","Alaska","Demographics","Age","What is your age?","35-44 years","Multiracial, non-Hispanic","Race/Ethnicity","54","21.9","15.4","28.3","113","%","Crude Prevalence",,,"BRFSS","CLASS05","TOPIC02","02","RACE07","CAT4","AGE","RESP012","
,  
(64.84507995700051, -147.72205903599973)"
"2023","AK","Alaska","Demographics","Age","What is your age?","45-54 years","Multiracial, non-Hispanic","Race/Ethnicity","50","10.2","6.7","13.8","114","%","Crude Prevalence",,,"BRFSS","CLASS05","TOPIC02","02","RACE07","CAT4","AGE","RESP013","
,  
(64.84507995700051, -147.72205903599973)"
"2023","AK","Alaska","Demographics","Age","What is your age?","55-64 years","Multiracial, non-Hispanic","Race/Ethnicity","46","15","9.7","20.2","115","%","Crude Prevalence",,,"BRFSS","CLASS05","TOPIC02","02","RACE07","CAT4","AGE","RESP014","
,  
(64.84507995700051, -147.72205903599973)"
"2023","AK","Alaska","Demographics","Age","What is your age?","65+ years","Multiracial, non-Hispanic","Race/Ethnicity","47","9.3","5.9","12.7","116","%","Crude Prevalence",,,"BRFSS","CLASS05","TOPIC02","02","RACE07","CAT4","AGE","RESP015","
,  
(64.84507995700051, -147.72205903599973)"
"2023","AK","Alaska","Demographics","Age","What is your age?","18-24 years","Hispanic","Race/Ethnicity","35","25.7","17.5","33.9","117","%","Crude Prevalence",,,"BRFSS","CLASS05","TOPIC02","02","RACE08","CAT4","AGE","RESP010","
,  
(64.84507995700051, -147.72205903599973)"
"2023","AK","Alaska","Demographics","Age","What is your age?","25-34 years","Hispanic","Race/Ethnicity","51","23.8","16.8","30.8","118","%","Crude Prevalence",,,"BRFSS","CLASS05","TOPIC02","02","RACE08","CAT4","AGE","RESP011","
,  
(64.84507995700051, -147.72205903599973)"
"2023","AK","Alaska","Demographics","Age","What is your age?","35-44 years","Hispanic","Race/Ethnicity","49","21","14.8","27.1","119","%","Crude Prevalence",,,"BRFSS","CLASS05","TOPIC02","02","RACE08","CAT4","AGE","RESP012","
,  
(64.84507995700051, -147.72205903599973)"
"2023","AK","Alaska","Demographics","Age","What is your age?","45-54 years","Hispanic","Race/Ethnicity","38","13.2","8.2","18.1","120","%","Crude Prevalence",,,"BRFSS","CLASS05","TOPIC02","02","RACE08","CAT4","AGE","RESP013","
,  
(64.84507995700051, -147.72205903599973)"
"2023","AK","Alaska","Demographics","Age","What is your age?","55-64 years","Hispanic","Race/Ethnicity","26","8.4","4.7","12.2","121","%","Crude Prevalence",,,"BRFSS","CLASS05","TOPIC02","02","RACE08","CAT4","AGE","RESP014","
,  
(64.84507995700051, -147.72205903599973)"
"2023","AK","Alaska","Demographics","Age","What is your age?","65+ years","Hispanic","Race/Ethnicity","24","7.9","4.2","11.5","122","%","Crude Prevalence",,,"BRFSS","CLASS05","TOPIC02","02","RACE08","CAT4","AGE","RESP015","
,  
(64.84507995700051, -147.72205903599973)"
"2023","AK","Alaska","Demographics","Age","What is your age?","18-24 years","Less than H.S.","Education Attained","26","18.4","11.2","25.7","123","%","Crude Prevalence",,,"BRFSS","CLASS05","TOPIC02","02","EDUCA1","CAT5","AGE","RESP010","
,  
(64.84507995700051, -147.72205903599973)"
"2023","AK","Alaska","Demographics","Age","What is your age?","25-34 years","Less than H.S.","Education Attained","24","16.6","9.5","23.8","124","%","Crude Prevalence",,,"BRFSS","CLASS05","TOPIC02","02","EDUCA1","CAT5","AGE","RESP011","
,  
(64.84507995700051, -147.72205903599973)"
"2023","AK","Alaska","Demographics","Age","What is your age?","35-44 years","Less than H.S.","Education Attained","22","13","7.1","19","125","%","Crude Prevalence",,,"BRFSS","CLASS05","TOPIC02","02","EDUCA1","CAT5","AGE","RESP012","
,  
(64.84507995700051, -147.72205903599973)"
"2023","AK","Alaska","Demographics","Age","What is your age?","45-54 years","Less than H.S.","Education Attained","28","11.3","6.6","15.9","126","%","Crude Prevalence",,,"BRFSS","CLASS05","TOPIC02","02","EDUCA1","CAT5","AGE","RESP013","
,  
(64.84507995700051, -147.72205903599973)"
"2023","AK","Alaska","Demographics","Age","What is your age?","55-64 years","Less than H.S.","Education Attained","39","15.4","9.6","21.1","127","%","Crude Prevalence",,,"BRFSS","CLASS05","TOPIC02","02","EDUCA1","CAT5","AGE","RESP014","
,  
(64.84507995700051, -147.72205903599973)"
"2023","AK","Alaska","Demographics","Age","What is your age?","65+ years","Less than H.S.","Education Attained","70","25.3","17.7","32.9","128","%","Crude Prevalence",,,"BRFSS","CLASS05","TOPIC02","02","EDUCA1","CAT5","AGE","RESP015","
,  
(64.84507995700051, -147.72205903599973)"
"2023","AK","Alaska","Demographics","Age","What is your age?","18-24 years","H.S. or G.E.D.","Education Attained","212","24.1","20.8","27.3","129","%","Crude Prevalence",,,"BRFSS","CLASS05","TOPIC02","02","EDUCA2","CAT5","AGE","RESP010","
,  
(64.84507995700051, -147.72205903599973)"
"2023","AK","Alaska","Demographics","Age","What is your age?","25-34 years","H.S. or G.E.D.","Education Attained","210","21.2","18.2","24.2","130","%","Crude Prevalence",,,"BRFSS","CLASS05","TOPIC02","02","EDUCA2","CAT5","AGE","RESP011","
,  
(64.84507995700051, -147.72205903599973)"
"2023","AK","Alaska","Demographics","Age","What is your age?","35-44 years","H.S. or G.E.D.","Education Attained","204","15.2","12.9","17.5","131","%","Crude Prevalence",,,"BRFSS","CLASS05","TOPIC02","02","EDUCA2","CAT5","AGE","RESP012","
,  
(64.84507995700051, -147.72205903599973)"
"2023","AK","Alaska","Demographics","Age","What is your age?","45-54 years","H.S. or G.E.D.","Education Attained","194","11.6","9.6","13.6","132","%","Crude Prevalence",,,"BRFSS","CLASS05","TOPIC02","02","EDUCA2","CAT5","AGE","RESP013","
,  
(64.84507995700051, -147.72205903599973)"
"2023","AK","Alaska","Demographics","Age","What is your age?","55-64 years","H.S. or G.E.D.","Education Attained","255","14.4","12.1","16.7","133","%","Crude Prevalence",,,"BRFSS","CLASS05","TOPIC02","02","EDUCA2","CAT5","AGE","RESP014","
,  
(64.84507995700051, -147.72205903599973)"
"2023","AK","Alaska","Demographics","Age","What is your age?","65+ years","H.S. or G.E.D.","Education Attained","364","13.6","11.6","15.5","134","%","Crude Prevalence",,,"BRFSS","CLASS05","TOPIC02","02","EDUCA2","CAT5","AGE","RESP015","
,  
(64.84507995700051, -147.72205903599973)"
"2023","AK","Alaska","Demographics","Age","What is your age?","18-24 years","Some post-H.S.","Education Attained","71","9.1","6.7","11.5","135","%","Crude Prevalence",,,"BRFSS","CLASS05","TOPIC02","02","EDUCA3","CAT5","AGE","RESP010","
,  
(64.84507995700051, -147.72205903599973)"
"2023","AK","Alaska","Demographics","Age","What is your age?","25-34 years","Some post-H.S.","Education Attained","176","17.4","14.7","20.1","136","%","Crude Prevalence",,,"BRFSS","CLASS05","TOPIC02","02","EDUCA3","CAT5","AGE","RESP011","
,  
(64.84507995700051, -147.72205903599973)"
"2023","AK","Alaska","Demographics","Age","What is your age?","35-44 years","Some post-H.S.","Education Attained","212","18.2","15.4","21","137","%","Crude Prevalence",,,"BRFSS","CLASS05","TOPIC02","02","EDUCA3","CAT5","AGE","RESP012","
,  
(64.84507995700051, -147.72205903599973)"
"2023","AK","Alaska","Demographics","Age","What is your age?","45-54 years","Some post-H.S.","Education Attained","229","15.8","13.4","18.2","138","%","Crude Prevalence",,,"BRFSS","CLASS05","TOPIC02","02","EDUCA3","CAT5","AGE","RESP013","
,  
(64.84507995700051, -147.72205903599973)"
"2023","AK","Alaska","Demographics","Age","What is your age?","55-64 years","Some post-H.S.","Education Attained","297","16.8","14.4","19.1","139","%","Crude Prevalence",,,"BRFSS","CLASS05","TOPIC02","02","EDUCA3","CAT5","AGE","RESP014","
,  
(64.84507995700051, -147.72205903599973)"
"2023","AK","Alaska","Demographics","Age","What is your age?","65+ years","Some post-H.S.","Education Attained","587","22.7","20.4","25","140","%","Crude Prevalence",,,"BRFSS","CLASS05","TOPIC02","02","EDUCA3","CAT5","AGE","RESP015","
,  
(64.84507995700051, -147.72205903599973)"
"2023","AK","Alaska","Demographics","Age","What is your age?","18-24 years","College graduate","Education Attained","28","2.6","1.5","3.6","141","%","Crude Prevalence",,,"BRFSS","CLASS05","TOPIC02","02","EDUCA4","CAT5","AGE","RESP010","
,  
(64.84507995700051, -147.72205903599973)"
"2023","AK","Alaska","Demographics","Age","What is your age?","25-34 years","College graduate","Education Attained","219","16.5","14.1","18.8","142","%","Crude Prevalence",,,"BRFSS","CLASS05","TOPIC02","02","EDUCA4","CAT5","AGE","RESP011","
,  
(64.84507995700051, -147.72205903599973)"
"2023","AK","Alaska","Demographics","Age","What is your age?","35-44 years","College graduate","Education Attained","371","24.1","21.6","26.7","143","%","Crude Prevalence",,,"BRFSS","CLASS05","TOPIC02","02","EDUCA4","CAT5","AGE","RESP012","
,  
(64.84507995700051, -147.72205903599973)"
"2023","AK","Alaska","Demographics","Age","What is your age?","45-54 years","College graduate","Education Attained","391","17.8","15.8","19.8","144","%","Crude Prevalence",,,"BRFSS","CLASS05","TOPIC02","02","EDUCA4","CAT5","AGE","RESP013","
,  
(64.84507995700051, -147.72205903599973)"
"2023","AK","Alaska","Demographics","Age","What is your age?","55-64 years","College graduate","Education Attained","423","16.8","14.9","18.7","145","%","Crude Prevalence",,,"BRFSS","CLASS05","TOPIC02","02","EDUCA4","CAT5","AGE","RESP014","
,  
(64.84507995700051, -147.72205903599973)"
"2023","AK","Alaska","Demographics","Age","What is your age?","65+ years","College graduate","Education Attained","836","22.2","20.3","24.1","146","%","Crude Prevalence",,,"BRFSS","CLASS05","TOPIC02","02","EDUCA4","CAT5","AGE","RESP015","
,  
(64.84507995700051, -147.72205903599973)"
"2023","AK","Alaska","Demographics","Age","What is your age?","18-24 years","Less than $15,000","Household Income","11",,,,"147","%","Crude Prevalence","*","Prevalence estimate not available if the unweighted sample size for the denominator was < 50 or the Relative Standard Error (RSE) is > 0.3 or if the state did not collect data for that calendar year.","BRFSS","CLASS05","TOPIC02","02","INCOME01","CAT6","AGE","RESP010","
,  
(64.84507995700051, -147.72205903599973)"
"2023","AK","Alaska","Demographics","Age","What is your age?","25-34 years","Less than $15,000","Household Income","20","20.5","11.4","29.6","148","%","Crude Prevalence",,,"BRFSS","CLASS05","TOPIC02","02","INCOME01","CAT6","AGE","RESP011","
,  
(64.84507995700051, -147.72205903599973)"
"2023","AK","Alaska","Demographics","Age","What is your age?","35-44 years","Less than $15,000","Household Income","21","10.4","5.3","15.4","149","%","Crude Prevalence",,,"BRFSS","CLASS05","TOPIC02","02","INCOME01","CAT6","AGE","RESP012","
,  
(64.84507995700051, -147.72205903599973)"
"2023","AK","Alaska","Demographics","Age","What is your age?","45-54 years","Less than $15,000","Household Income","40","15.4","10","20.9","150","%","Crude Prevalence",,,"BRFSS","CLASS05","TOPIC02","02","INCOME01","CAT6","AGE","RESP013","
,  
(64.84507995700051, -147.72205903599973)"
"2023","AK","Alaska","Demographics","Age","What is your age?","55-64 years","Less than $15,000","Household Income","66","29.5","21.5","37.4","151","%","Crude Prevalence",,,"BRFSS","CLASS05","TOPIC02","02","INCOME01","CAT6","AGE","RESP014","
,  
(64.84507995700051, -147.72205903599973)"
"2023","AK","Alaska","Demographics","Age","What is your age?","65+ years","Less than $15,000","Household Income","47","15.3","9.7","20.8","152","%","Crude Prevalence",,,"BRFSS","CLASS05","TOPIC02","02","INCOME01","CAT6","AGE","RESP015","
,  
(64.84507995700051, -147.72205903599973)"
"2023","AK","Alaska","Demographics","Age","What is your age?","18-24 years","$15,000-$24,999","Household Income","18","10.5","5.1","15.9","153","%","Crude Prevalence",,,"BRFSS","CLASS05","TOPIC02","02","INCOME02","CAT6","AGE","RESP010","
,  
(64.84507995700051, -147.72205903599973)"
"2023","AK","Alaska","Demographics","Age","What is your age?","25-34 years","$15,000-$24,999","Household Income","34","16.3","10.6","21.9","154","%","Crude Prevalence",,,"BRFSS","CLASS05","TOPIC02","02","INCOME02","CAT6","AGE","RESP011","
,  
(64.84507995700051, -147.72205903599973)"
"2023","AK","Alaska","Demographics","Age","What is your age?","35-44 years","$15,000-$24,999","Household Income","31","11.6","7.3","15.8","155","%","Crude Prevalence",,,"BRFSS","CLASS05","TOPIC02","02","INCOME02","CAT6","AGE","RESP012","
,  
(64.84507995700051, -147.72205903599973)"
"2023","AK","Alaska","Demographics","Age","What is your age?","45-54 years","$15,000-$24,999","Household Income","35","12.7","7.8","17.7","156","%","Crude Prevalence",,,"BRFSS","CLASS05","TOPIC02","02","INCOME02","CAT6","AGE","RESP013","
,  
(64.84507995700051, -147.72205903599973)"
"2023","AK","Alaska","Demographics","Age","What is your age?","55-64 years","$15,000-$24,999","Household Income","71","21.6","15.7","27.6","157","%","Crude Prevalence",,,"BRFSS","CLASS05","TOPIC02","02","INCOME02","CAT6","AGE","RESP014","
,  
(64.84507995700051, -147.72205903599973)"
"2023","AK","Alaska","Demographics","Age","What is your age?","65+ years","$15,000-$24,999","Household Income","122","27.3","21.2","33.4","158","%","Crude Prevalence",,,"BRFSS","CLASS05","TOPIC02","02","INCOME02","CAT6","AGE","RESP015","
,  
(64.84507995700051, -147.72205903599973)"
"2023","AK","Alaska","Demographics","Age","What is your age?","18-24 years","$25,000-$34,999","Household Income","38","20.2","14.1","26.3","159","%","Crude Prevalence",,,"BRFSS","CLASS05","TOPIC02","02","INCOME03","CAT6","AGE","RESP010","
,  
(64.84507995700051, -147.72205903599973)"
"2023","AK","Alaska","Demographics","Age","What is your age?","25-34 years","$25,000-$34,999","Household Income","51","19","13.5","24.5","160","%","Crude Prevalence",,,"BRFSS","CLASS05","TOPIC02","02","INCOME03","CAT6","AGE","RESP011","
,  
(64.84507995700051, -147.72205903599973)"
"2023","AK","Alaska","Demographics","Age","What is your age?","35-44 years","$25,000-$34,999","Household Income","63","19.7","14.2","25.1","161","%","Crude Prevalence",,,"BRFSS","CLASS05","TOPIC02","02","INCOME03","CAT6","AGE","RESP012","
,  
(64.84507995700051, -147.72205903599973)"
"2023","AK","Alaska","Demographics","Age","What is your age?","45-54 years","$25,000-$34,999","Household Income","35","8.5","5.1","11.9","162","%","Crude Prevalence",,,"BRFSS","CLASS05","TOPIC02","02","INCOME03","CAT6","AGE","RESP013","
,  
(64.84507995700051, -147.72205903599973)"
"2023","AK","Alaska","Demographics","Age","What is your age?","55-64 years","$25,000-$34,999","Household Income","75","13.5","9.5","17.4","163","%","Crude Prevalence",,,"BRFSS","CLASS05","TOPIC02","02","INCOME03","CAT6","AGE","RESP014","
,  
(64.84507995700051, -147.72205903599973)"
"2023","AK","Alaska","Demographics","Age","What is your age?","65+ years","$25,000-$34,999","Household Income","144","19.2","14.7","23.6","164","%","Crude Prevalence",,,"BRFSS","CLASS05","TOPIC02","02","INCOME03","CAT6","AGE","RESP015","
,  
(64.84507995700051, -147.72205903599973)"
"2023","AK","Alaska","Demographics","Age","What is your age?","18-24 years","$35,000-$49,999","Household Income","38","13.4","8.7","18","165","%","Crude Prevalence",,,"BRFSS","CLASS05","TOPIC02","02","INCOME04","CAT6","AGE","RESP010","
,  
(64.84507995700051, -147.72205903599973)"
"2023","AK","Alaska","Demographics","Age","What is your age?","25-34 years","$35,000-$49,999","Household Income","69","21.1","16","26.3","166","%","Crude Prevalence",,,"BRFSS","CLASS05","TOPIC02","02","INCOME04","CAT6","AGE","RESP011","
,  
(64.84507995700051, -147.72205903599973)"
"2023","AK","Alaska","Demographics","Age","What is your age?","35-44 years","$35,000-$49,999","Household Income","66","16.6","12.2","21","167","%","Crude Prevalence",,,"BRFSS","CLASS05","TOPIC02","02","INCOME04","CAT6","AGE","RESP012","
,  
(64.84507995700051, -147.72205903599973)"
"2023","AK","Alaska","Demographics","Age","What is your age?","45-54 years","$35,000-$49,999","Household Income","54","11.4","7.5","15.4","168","%","Crude Prevalence",,,"BRFSS","CLASS05","TOPIC02","02","INCOME04","CAT6","AGE","RESP013","
,  
(64.84507995700051, -147.72205903599973)"
"2023","AK","Alaska","Demographics","Age","What is your age?","55-64 years","$35,000-$49,999","Household Income","59","12.3","7.9","16.7","169","%","Crude Prevalence",,,"BRFSS","CLASS05","TOPIC02","02","INCOME04","CAT6","AGE","RESP014","
,  
(64.84507995700051, -147.72205903599973)"
"2023","AK","Alaska","Demographics","Age","What is your age?","65+ years","$35,000-$49,999","Household Income","224","25.1","20.7","29.6","170","%","Crude Prevalence",,,"BRFSS","CLASS05","TOPIC02","02","INCOME04","CAT6","AGE","RESP015","
,  
(64.84507995700051, -147.72205903599973)"
"2023","AK","Alaska","Demographics","Age","What is your age?","18-24 years","$50,000-$99,999","Household Income","73","8.9","6.8","11.1","171","%","Crude Prevalence",,,"BRFSS","CLASS05","TOPIC02","02","INCOME05","CAT6","AGE","RESP010","
,  
(64.84507995700051, -147.72205903599973)"
"2023","AK","Alaska","Demographics","Age","What is your age?","25-34 years","$50,000-$99,999","Household Income","208","21.6","18.5","24.8","172","%","Crude Prevalence",,,"BRFSS","CLASS05","TOPIC02","02","INCOME05","CAT6","AGE","RESP011","
,  
(64.84507995700051, -147.72205903599973)"
"2023","AK","Alaska","Demographics","Age","What is your age?","35-44 years","$50,000-$99,999","Household Income","238","19.5","16.7","22.3","173","%","Crude Prevalence",,,"BRFSS","CLASS05","TOPIC02","02","INCOME05","CAT6","AGE","RESP012","
,  
(64.84507995700051, -147.72205903599973)"
"2023","AK","Alaska","Demographics","Age","What is your age?","45-54 years","$50,000-$99,999","Household Income","192","12.5","10.2","14.8","174","%","Crude Prevalence",,,"BRFSS","CLASS05","TOPIC02","02","INCOME05","CAT6","AGE","RESP013","
,  
(64.84507995700051, -147.72205903599973)"
"2023","AK","Alaska","Demographics","Age","What is your age?","55-64 years","$50,000-$99,999","Household Income","276","16.1","13.6","18.7","175","%","Crude Prevalence",,,"BRFSS","CLASS05","TOPIC02","02","INCOME05","CAT6","AGE","RESP014","
,  
(64.84507995700051, -147.72205903599973)"
"2023","AK","Alaska","Demographics","Age","What is your age?","65+ years","$50,000-$99,999","Household Income","581","21.3","19","23.7","176","%","Crude Prevalence",,,"BRFSS","CLASS05","TOPIC02","02","INCOME05","CAT6","AGE","RESP015","
,  
(64.84507995700051, -147.72205903599973)"
"2023","AK","Alaska","Demographics","Age","What is your age?","18-24 years","$100,000-$199,999","Household Income","29","6.5","3.8","9.1","177","%","Crude Prevalence",,,"BRFSS","CLASS05","TOPIC02","02","INCOME06","CAT6","AGE","RESP010","
,  
(64.84507995700051, -147.72205903599973)"
"2023","AK","Alaska","Demographics","Age","What is your age?","25-34 years","$100,000-$199,999","Household Income","112","14.6","11.4","17.8","178","%","Crude Prevalence",,,"BRFSS","CLASS05","TOPIC02","02","INCOME06","CAT6","AGE","RESP011","
,  
(64.84507995700051, -147.72205903599973)"
"2023","AK","Alaska","Demographics","Age","What is your age?","35-44 years","$100,000-$199,999","Household Income","227","25","21.2","28.8","179","%","Crude Prevalence",,,"BRFSS","CLASS05","TOPIC02","02","INCOME06","CAT6","AGE","RESP012","
,  
(64.84507995700051, -147.72205903599973)"
"2023","AK","Alaska","Demographics","Age","What is your age?","45-54 years","$100,000-$199,999","Household Income","273","20.9","17.9","23.9","180","%","Crude Prevalence",,,"BRFSS","CLASS05","TOPIC02","02","INCOME06","CAT6","AGE","RESP013","
,  
(64.84507995700051, -147.72205903599973)"
"2023","AK","Alaska","Demographics","Age","What is your age?","55-64 years","$100,000-$199,999","Household Income","240","17.6","14.9","20.4","181","%","Crude Prevalence",,,"BRFSS","CLASS05","TOPIC02","02","INCOME06","CAT6","AGE","RESP014","
,  
(64.84507995700051, -147.72205903599973)"
"2023","AK","Alaska","Demographics","Age","What is your age?","65+ years","$100,000-$199,999","Household Income","296","15.4","12.7","18.1","182","%","Crude Prevalence",,,"BRFSS","CLASS05","TOPIC02","02","INCOME06","CAT6","AGE","RESP015","
,  
(64.84507995700051, -147.72205903599973)"
"2023","AK","Alaska","Demographics","Age","What is your age?","18-24 years","$200,000+","Household Income","3",,,,"183","%","Crude Prevalence","*","Prevalence estimate not available if the unweighted sample size for the denominator was < 50 or the Relative Standard Error (RSE) is > 0.3 or if the state did not collect data for that calendar year.","BRFSS","CLASS05","TOPIC02","02","INCOME07","CAT6","AGE","RESP010","
,  
(64.84507995700051, -147.72205903599973)"
"2023","AK","Alaska","Demographics","Age","What is your age?","25-34 years","$200,000+","Household Income","32","18.5","11.6","25.4","184","%","Crude Prevalence",,,"BRFSS","CLASS05","TOPIC02","02","INCOME07","CAT6","AGE","RESP011","
,  
(64.84507995700051, -147.72205903599973)"
"2023","AK","Alaska","Demographics","Age","What is your age?","35-44 years","$200,000+","Household Income","72","27.2","20.8","33.6","185","%","Crude Prevalence",,,"BRFSS","CLASS05","TOPIC02","02","INCOME07","CAT6","AGE","RESP012","
,  
(64.84507995700051, -147.72205903599973)"
"2023","AK","Alaska","Demographics","Age","What is your age?","45-54 years","$200,000+","Household Income","86","28","21.4","34.7","186","%","Crude Prevalence",,,"BRFSS","CLASS05","TOPIC02","02","INCOME07","CAT6","AGE","RESP013","
,  
(64.84507995700051, -147.72205903599973)"
"2023","AK","Alaska","Demographics","Age","What is your age?","55-64 years","$200,000+","Household Income","66","15","10.5","19.6","187","%","Crude Prevalence",,,"BRFSS","CLASS05","TOPIC02","02","INCOME07","CAT6","AGE","RESP014","
,  
(64.84507995700051, -147.72205903599973)"
"2023","AK","Alaska","Demographics","Age","What is your age?","65+ years","$200,000+","Household Income","52","9.4","5.8","12.9","188","%","Crude Prevalence",,,"BRFSS","CLASS05","TOPIC02","02","INCOME07","CAT6","AGE","RESP015","
,  
(64.84507995700051, -147.72205903599973)"
"2023","AK","Alaska","Demographics","Disability status","Are you blind or do you have serious difficulty seeing, even when wearing glasses?","Yes","Overall","Overall","236","4.2","3.5","5","189","%","Crude Prevalence",,,"BRFSS","CLASS05","TOPIC19","02","BO1","CAT1","BLIND","RESP046","
,  
(64.84507995700051, -147.72205903599973)"
"2023","AK","Alaska","Demographics","Disability status","Are you blind or do you have serious difficulty seeing, even when wearing glasses?","No","Overall","Overall","5143","95.8","95","96.5","190","%","Crude Prevalence",,,"BRFSS","CLASS05","TOPIC19","02","BO1","CAT1","BLIND","RESP054","
,  
(64.84507995700051, -147.72205903599973)"
"2023","AK","Alaska","Demographics","Disability status","Are you blind or do you have serious difficulty seeing, even when wearing glasses?","Yes","Male","Sex","103","3.7","2.7","4.7","191","%","Crude Prevalence",,,"BRFSS","CLASS05","TOPIC19","02","SEX1","CAT2","BLIND","RESP046","
,  
(64.84507995700051, -147.72205903599973)"
"2023","AK","Alaska","Demographics","Disability status","Are you blind or do you have serious difficulty seeing, even when wearing glasses?","No","Male","Sex","2628","96.3","95.3","97.3","192","%","Crude Prevalence",,,"BRFSS","CLASS05","TOPIC19","02","SEX1","CAT2","BLIND","RESP054","
,  
(64.84507995700051, -147.72205903599973)"
"2023","AK","Alaska","Demographics","Disability status","Are you blind or do you have serious difficulty seeing, even when wearing glasses?","Yes","Female","Sex","133","4.8","3.7","5.9","193","%","Crude Prevalence",,,"BRFSS","CLASS05","TOPIC19","02","SEX2","CAT2","BLIND","RESP046","
,  
(64.84507995700051, -147.72205903599973)"
"2023","AK","Alaska","Demographics","Disability status","Are you blind or do you have serious difficulty seeing, even when wearing glasses?","No","Female","Sex","2515","95.2","94.1","96.3","194","%","Crude Prevalence",,,"BRFSS","CLASS05","TOPIC19","02","SEX2","CAT2","BLIND","RESP054","
,  
(64.84507995700051, -147.72205903599973)"
"2023","AK","Alaska","Demographics","Disability status","Are you blind or do you have serious difficulty seeing, even when wearing glasses?","Yes","18-24","Age Group","14",,,,"195","%","Crude Prevalence","*","Prevalence estimate not available if the unweighted sample size for the denominator was < 50 or the Relative Standard Error (RSE) is > 0.3 or if the state did not collect data for that calendar year.","BRFSS","CLASS05","TOPIC19","02","AGE01","CAT3","BLIND","RESP046","
,  
(64.84507995700051, -147.72205903599973)"
"2023","AK","Alaska","Demographics","Disability status","Are you blind or do you have serious difficulty seeing, even when wearing glasses?","No","18-24","Age Group","315","96.2","93.7","98.6","196","%","Crude Prevalence",,,"BRFSS","CLASS05","TOPIC19","02","AGE01","CAT3","BLIND","RESP054","
,  
(64.84507995700051, -147.72205903599973)"
"2023","AK","Alaska","Demographics","Disability status","Are you blind or do you have serious difficulty seeing, even when wearing glasses?","Yes","25-34","Age Group","20","4.4","2.2","6.6","197","%","Crude Prevalence",,,"BRFSS","CLASS05","TOPIC19","02","AGE02","CAT3","BLIND","RESP046","
,  
(64.84507995700051, -147.72205903599973)"
"2023","AK","Alaska","Demographics","Disability status","Are you blind or do you have serious difficulty seeing, even when wearing glasses?","No","25-34","Age Group","598","95.6","93.4","97.8","198","%","Crude Prevalence",,,"BRFSS","CLASS05","TOPIC19","02","AGE02","CAT3","BLIND","RESP054","
,  
(64.84507995700051, -147.72205903599973)"
"2023","AK","Alaska","Demographics","Disability status","Are you blind or do you have serious difficulty seeing, even when wearing glasses?","Yes","35-44","Age Group","15","2.1","0.9","3.2","199","%","Crude Prevalence",,,"BRFSS","CLASS05","TOPIC19","02","AGE03","CAT3","BLIND","RESP046","
,  
(64.84507995700051, -147.72205903599973)"
"2023","AK","Alaska","Demographics","Disability status","Are you blind or do you have serious difficulty seeing, even when wearing glasses?","No","35-44","Age Group","770","97.9","96.8","99.1","200","%","Crude Prevalence",,,"BRFSS","CLASS05","TOPIC19","02","AGE03","CAT3","BLIND","RESP054","
,  
(64.84507995700051, -147.72205903599973)"
"2023","AK","Alaska","Demographics","Disability status","Are you blind or do you have serious difficulty seeing, even when wearing glasses?","Yes","45-54","Age Group","28","3.8","2","5.5","201","%","Crude Prevalence",,,"BRFSS","CLASS05","TOPIC19","02","AGE04","CAT3","BLIND","RESP046","
,  
(64.84507995700051, -147.72205903599973)"
"2023","AK","Alaska","Demographics","Disability status","Are you blind or do you have serious difficulty seeing, even when wearing glasses?","No","45-54","Age Group","805","96.2","94.5","98","202","%","Crude Prevalence",,,"BRFSS","CLASS05","TOPIC19","02","AGE04","CAT3","BLIND","RESP054","
,  
(64.84507995700051, -147.72205903599973)"
"2023","AK","Alaska","Demographics","Disability status","Are you blind or do you have serious difficulty seeing, even when wearing glasses?","Yes","55-64","Age Group","57","6.2","4.2","8.1","203","%","Crude Prevalence",,,"BRFSS","CLASS05","TOPIC19","02","AGE05","CAT3","BLIND","RESP046","
,  
(64.84507995700051, -147.72205903599973)"
"2023","AK","Alaska","Demographics","Disability status","Are you blind or do you have serious difficulty seeing, even when wearing glasses?","No","55-64","Age Group","939","93.8","91.9","95.8","204","%","Crude Prevalence",,,"BRFSS","CLASS05","TOPIC19","02","AGE05","CAT3","BLIND","RESP054","
,  
(64.84507995700051, -147.72205903599973)"
"2023","AK","Alaska","Demographics","Disability status","Are you blind or do you have serious difficulty seeing, even when wearing glasses?","Yes","65+","Age Group","102","5.1","3.7","6.4","205","%","Crude Prevalence",,,"BRFSS","CLASS05","TOPIC19","02","AGE09","CAT3","BLIND","RESP046","
,  
(64.84507995700051, -147.72205903599973)"
"2023","AK","Alaska","Demographics","Disability status","Are you blind or do you have serious difficulty seeing, even when wearing glasses?","No","65+","Age Group","1716","94.9","93.6","96.3","206","%","Crude Prevalence",,,"BRFSS","CLASS05","TOPIC19","02","AGE09","CAT3","BLIND","RESP054","
,  
(64.84507995700051, -147.72205903599973)"
"2023","AK","Alaska","Demographics","Disability status","Are you blind or do you have serious difficulty seeing, even when wearing glasses?","Yes","White, non-Hispanic","Race/Ethnicity","140","2.9","2.2","3.6","207","%","Crude Prevalence",,,"BRFSS","CLASS05","TOPIC19","02","RACE01","CAT4","BLIND","RESP046","
,  
(64.84507995700051, -147.72205903599973)"
"2023","AK","Alaska","Demographics","Disability status","Are you blind or do you have serious difficulty seeing, even when wearing glasses?","No","White, non-Hispanic","Race/Ethnicity","3756","97.1","96.4","97.8","208","%","Crude Prevalence",,,"BRFSS","CLASS05","TOPIC19","02","RACE01","CAT4","BLIND","RESP054","
,  
(64.84507995700051, -147.72205903599973)"
"2023","AK","Alaska","Demographics","Disability status","Are you blind or do you have serious difficulty seeing, even when wearing glasses?","Yes","Black, non-Hispanic","Race/Ethnicity","9",,,,"209","%","Crude Prevalence","*","Prevalence estimate not available if the unweighted sample size for the denominator was < 50 or the Relative Standard Error (RSE) is > 0.3 or if the state did not collect data for that calendar year.","BRFSS","CLASS05","TOPIC19","02","RACE02","CAT4","BLIND","RESP046","
,  
(64.84507995700051, -147.72205903599973)"
"2023","AK","Alaska","Demographics","Disability status","Are you blind or do you have serious difficulty seeing, even when wearing glasses?","No","Black, non-Hispanic","Race/Ethnicity","112","93.9","89.6","98.2","210","%","Crude Prevalence",,,"BRFSS","CLASS05","TOPIC19","02","RACE02","CAT4","BLIND","RESP054","
,  
(64.84507995700051, -147.72205903599973)"
"2023","AK","Alaska","Demographics","Disability status","Are you blind or do you have serious difficulty seeing, even when wearing glasses?","Yes","American Indian or Alaskan Native, non-Hispanic","Race/Ethnicity","49","8.4","5.5","11.2","211","%","Crude Prevalence",,,"BRFSS","CLASS05","TOPIC19","02","RACE03","CAT4","BLIND","RESP046","
,  
(64.84507995700051, -147.72205903599973)"
"2023","AK","Alaska","Demographics","Disability status","Are you blind or do you have serious difficulty seeing, even when wearing glasses?","No","American Indian or Alaskan Native, non-Hispanic","Race/Ethnicity","601","91.6","88.8","94.5","212","%","Crude Prevalence",,,"BRFSS","CLASS05","TOPIC19","02","RACE03","CAT4","BLIND","RESP054","
,  
(64.84507995700051, -147.72205903599973)"
"2023","AK","Alaska","Demographics","Disability status","Are you blind or do you have serious difficulty seeing, even when wearing glasses?","Yes","Asian, non-Hispanic","Race/Ethnicity","5",,,,"213","%","Crude Prevalence","*","Prevalence estimate not available if the unweighted sample size for the denominator was < 50 or the Relative Standard Error (RSE) is > 0.3 or if the state did not collect data for that calendar year.","BRFSS","CLASS05","TOPIC19","02","RACE04","CAT4","BLIND","RESP046","
,  
(64.84507995700051, -147.72205903599973)"
"2023","AK","Alaska","Demographics","Disability status","Are you blind or do you have serious difficulty seeing, even when wearing glasses?","No","Asian, non-Hispanic","Race/Ethnicity","116","97","94.1","99.9","214","%","Crude Prevalence",,,"BRFSS","CLASS05","TOPIC19","02","RACE04","CAT4","BLIND","RESP054","
,  
(64.84507995700051, -147.72205903599973)"
"2023","AK","Alaska","Demographics","Disability status","Are you blind or do you have serious difficulty seeing, even when wearing glasses?","Yes","Native Hawaiian or other Pacific Islander, non-Hispanic","Race/Ethnicity","4",,,,"215","%","Crude Prevalence","*","Prevalence estimate not available if the unweighted sample size for the denominator was < 50 or the Relative Standard Error (RSE) is > 0.3 or if the state did not collect data for that calendar year.","BRFSS","CLASS05","TOPIC19","02","RACE05","CAT4","BLIND","RESP046","
,  
(64.84507995700051, -147.72205903599973)"
"2023","AK","Alaska","Demographics","Disability status","Are you blind or do you have serious difficulty seeing, even when wearing glasses?","No","Native Hawaiian or other Pacific Islander, non-Hispanic","Race/Ethnicity","31",,,,"216","%","Crude Prevalence","*","Prevalence estimate not available if the unweighted sample size for the denominator was < 50 or the Relative Standard Error (RSE) is > 0.3 or if the state did not collect data for that calendar year.","BRFSS","CLASS05","TOPIC19","02","RACE05","CAT4","BLIND","RESP054","
,  
(64.84507995700051, -147.72205903599973)"
"2023","AK","Alaska","Demographics","Disability status","Are you blind or do you have serious difficulty seeing, even when wearing glasses?","Yes","Other, non-Hispanic","Race/Ethnicity","3",,,,"217","%","Crude Prevalence","*","Prevalence estimate not available if the unweighted sample size for the denominator was < 50 or the Relative Standard Error (RSE) is > 0.3 or if the state did not collect data for that calendar year.","BRFSS","CLASS05","TOPIC19","02","RACE06","CAT4","BLIND","RESP046","
,  
(64.84507995700051, -147.72205903599973)"
"2023","AK","Alaska","Demographics","Disability status","Are you blind or do you have serious difficulty seeing, even when wearing glasses?","No","Other, non-Hispanic","Race/Ethnicity","49","90.3","78.5","100","218","%","Crude Prevalence",,,"BRFSS","CLASS05","TOPIC19","02","RACE06","CAT4","BLIND","RESP054","
,  
(64.84507995700051, -147.72205903599973)"
"2023","AK","Alaska","Demographics","Disability status","Are you blind or do you have serious difficulty seeing, even when wearing glasses?","Yes","Multiracial, non-Hispanic","Race/Ethnicity","14",,,,"219","%","Crude Prevalence","*","Prevalence estimate not available if the unweighted sample size for the denominator was < 50 or the Relative Standard Error (RSE) is > 0.3 or if the state did not collect data for that calendar year.","BRFSS","CLASS05","TOPIC19","02","RACE07","CAT4","BLIND","RESP046","
,  
(64.84507995700051, -147.72205903599973)"
"2023","AK","Alaska","Demographics","Disability status","Are you blind or do you have serious difficulty seeing, even when wearing glasses?","No","Multiracial, non-Hispanic","Race/Ethnicity","273","95.3","92.2","98.5","220","%","Crude Prevalence",,,"BRFSS","CLASS05","TOPIC19","02","RACE07","CAT4","BLIND","RESP054","
,  
(64.84507995700051, -147.72205903599973)"
"2023","AK","Alaska","Demographics","Disability status","Are you blind or do you have serious difficulty seeing, even when wearing glasses?","Yes","Hispanic","Race/Ethnicity","12",,,,"221","%","Crude Prevalence","*","Prevalence estimate not available if the unweighted sample size for the denominator was < 50 or the Relative Standard Error (RSE) is > 0.3 or if the state did not collect data for that calendar year.","BRFSS","CLASS05","TOPIC19","02","RACE08","CAT4","BLIND","RESP046","
,  
(64.84507995700051, -147.72205903599973)"
"2023","AK","Alaska","Demographics","Disability status","Are you blind or do you have serious difficulty seeing, even when wearing glasses?","No","Hispanic","Race/Ethnicity","203","94.3","90","98.6","222","%","Crude Prevalence",,,"BRFSS","CLASS05","TOPIC19","02","RACE08","CAT4","BLIND","RESP054","
,  
(64.84507995700051, -147.72205903599973)"
"2023","AK","Alaska","Demographics","Disability status","Are you blind or do you have serious difficulty seeing, even when wearing glasses?","Yes","Less than H.S.","Education Attained","25","10.1","5.6","14.7","223","%","Crude Prevalence",,,"BRFSS","CLASS05","TOPIC19","02","EDUCA1","CAT5","BLIND","RESP046","
,  
(64.84507995700051, -147.72205903599973)"
"2023","AK","Alaska","Demographics","Disability status","Are you blind or do you have serious difficulty seeing, even when wearing glasses?","No","Less than H.S.","Education Attained","180","89.9","85.4","94.4","224","%","Crude Prevalence",,,"BRFSS","CLASS05","TOPIC19","02","EDUCA1","CAT5","BLIND","RESP054","
,  
(64.84507995700051, -147.72205903599973)"
"2023","AK","Alaska","Demographics","Disability status","Are you blind or do you have serious difficulty seeing, even when wearing glasses?","Yes","H.S. or G.E.D.","Education Attained","77","5.4","3.8","7","225","%","Crude Prevalence",,,"BRFSS","CLASS05","TOPIC19","02","EDUCA2","CAT5","BLIND","RESP046","
,  
(64.84507995700051, -147.72205903599973)"
"2023","AK","Alaska","Demographics","Disability status","Are you blind or do you have serious difficulty seeing, even when wearing glasses?","No","H.S. or G.E.D.","Education Attained","1314","94.6","93","96.2","226","%","Crude Prevalence",,,"BRFSS","CLASS05","TOPIC19","02","EDUCA2","CAT5","BLIND","RESP054","
,  
(64.84507995700051, -147.72205903599973)"
"2023","AK","Alaska","Demographics","Disability status","Are you blind or do you have serious difficulty seeing, even when wearing glasses?","Yes","Some post-H.S.","Education Attained","78","3.9","2.8","5","227","%","Crude Prevalence",,,"BRFSS","CLASS05","TOPIC19","02","EDUCA3","CAT5","BLIND","RESP046","
,  
(64.84507995700051, -147.72205903599973)"
"2023","AK","Alaska","Demographics","Disability status","Are you blind or do you have serious difficulty seeing, even when wearing glasses?","No","Some post-H.S.","Education Attained","1450","96.1","95","97.2","228","%","Crude Prevalence",,,"BRFSS","CLASS05","TOPIC19","02","EDUCA3","CAT5","BLIND","RESP054","
,  
(64.84507995700051, -147.72205903599973)"
"2023","AK","Alaska","Demographics","Disability status","Are you blind or do you have serious difficulty seeing, even when wearing glasses?","Yes","College graduate","Education Attained","55","1.8","1.2","2.5","229","%","Crude Prevalence",,,"BRFSS","CLASS05","TOPIC19","02","EDUCA4","CAT5","BLIND","RESP046","
,  
(64.84507995700051, -147.72205903599973)"
"2023","AK","Alaska","Demographics","Disability status","Are you blind or do you have serious difficulty seeing, even when wearing glasses?","No","College graduate","Education Attained","2170","98.2","97.5","98.8","230","%","Crude Prevalence",,,"BRFSS","CLASS05","TOPIC19","02","EDUCA4","CAT5","BLIND","RESP054","
,  
(64.84507995700051, -147.72205903599973)"
"2023","AK","Alaska","Demographics","Disability status","Are you blind or do you have serious difficulty seeing, even when wearing glasses?","Yes","Less than $15,000","Household Income","26","14.5","7.7","21.3","231","%","Crude Prevalence",,,"BRFSS","CLASS05","TOPIC19","02","INCOME01","CAT6","BLIND","RESP046","
,  
(64.84507995700051, -147.72205903599973)"
"2023","AK","Alaska","Demographics","Disability status","Are you blind or do you have serious difficulty seeing, even when wearing glasses?","No","Less than $15,000","Household Income","178","85.5","78.7","92.3","232","%","Crude Prevalence",,,"BRFSS","CLASS05","TOPIC19","02","INCOME01","CAT6","BLIND","RESP054","
,  
(64.84507995700051, -147.72205903599973)"
"2023","AK","Alaska","Demographics","Disability status","Are you blind or do you have serious difficulty seeing, even when wearing glasses?","Yes","$15,000-$24,999","Household Income","31","12.5","7.3","17.8","233","%","Crude Prevalence",,,"BRFSS","CLASS05","TOPIC19","02","INCOME02","CAT6","BLIND","RESP046","
,  
(64.84507995700051, -147.72205903599973)"
"2023","AK","Alaska","Demographics","Disability status","Are you blind or do you have serious difficulty seeing, even when wearing glasses?","No","$15,000-$24,999","Household Income","272","87.5","82.2","92.7","234","%","Crude Prevalence",,,"BRFSS","CLASS05","TOPIC19","02","INCOME02","CAT6","BLIND","RESP054","
,  
(64.84507995700051, -147.72205903599973)"
"2023","AK","Alaska","Demographics","Disability status","Are you blind or do you have serious difficulty seeing, even when wearing glasses?","Yes","$25,000-$34,999","Household Income","30","6.4","3.6","9.3","235","%","Crude Prevalence",,,"BRFSS","CLASS05","TOPIC19","02","INCOME03","CAT6","BLIND","RESP046","
,  
(64.84507995700051, -147.72205903599973)"
"2023","AK","Alaska","Demographics","Disability status","Are you blind or do you have serious difficulty seeing, even when wearing glasses?","No","$25,000-$34,999","Household Income","370","93.6","90.7","96.4","236","%","Crude Prevalence",,,"BRFSS","CLASS05","TOPIC19","02","INCOME03","CAT6","BLIND","RESP054","
,  
(64.84507995700051, -147.72205903599973)"
"2023","AK","Alaska","Demographics","Disability status","Are you blind or do you have serious difficulty seeing, even when wearing glasses?","Yes","$35,000-$49,999","Household Income","25","3.7","1.9","5.6","237","%","Crude Prevalence",,,"BRFSS","CLASS05","TOPIC19","02","INCOME04","CAT6","BLIND","RESP046","
,  
(64.84507995700051, -147.72205903599973)"
"2023","AK","Alaska","Demographics","Disability status","Are you blind or do you have serious difficulty seeing, even when wearing glasses?","No","$35,000-$49,999","Household Income","478","96.3","94.4","98.1","238","%","Crude Prevalence",,,"BRFSS","CLASS05","TOPIC19","02","INCOME04","CAT6","BLIND","RESP054","
,  
(64.84507995700051, -147.72205903599973)"
"2023","AK","Alaska","Demographics","Disability status","Are you blind or do you have serious difficulty seeing, even when wearing glasses?","Yes","$50,000-$99,999","Household Income","50","2.9","1.8","4","239","%","Crude Prevalence",,,"BRFSS","CLASS05","TOPIC19","02","INCOME05","CAT6","BLIND","RESP046","
,  
(64.84507995700051, -147.72205903599973)"
"2023","AK","Alaska","Demographics","Disability status","Are you blind or do you have serious difficulty seeing, even when wearing glasses?","No","$50,000-$99,999","Household Income","1496","97.1","96","98.2","240","%","Crude Prevalence",,,"BRFSS","CLASS05","TOPIC19","02","INCOME05","CAT6","BLIND","RESP054","
,  
(64.84507995700051, -147.72205903599973)"
"2023","AK","Alaska","Demographics","Disability status","Are you blind or do you have serious difficulty seeing, even when wearing glasses?","Yes","$100,000-$199,999","Household Income","16",,,,"241","%","Crude Prevalence","*","Prevalence estimate not available if the unweighted sample size for the denominator was < 50 or the Relative Standard Error (RSE) is > 0.3 or if the state did not collect data for that calendar year.","BRFSS","CLASS05","TOPIC19","02","INCOME06","CAT6","BLIND","RESP046","
,  
(64.84507995700051, -147.72205903599973)"
"2023","AK","Alaska","Demographics","Disability status","Are you blind or do you have serious difficulty seeing, even when wearing glasses?","No","$100,000-$199,999","Household Income","1155","98.8","98","99.6","242","%","Crude Prevalence",,,"BRFSS","CLASS05","TOPIC19","02","INCOME06","CAT6","BLIND","RESP054","
,  
(64.84507995700051, -147.72205903599973)"
"2023","AK","Alaska","Demographics","Disability status","Are you blind or do you have serious difficulty seeing, even when wearing glasses?","Yes","$200,000+","Household Income","5",,,,"243","%","Crude Prevalence","*","Prevalence estimate not available if the unweighted sample size for the denominator was < 50 or the Relative Standard Error (RSE) is > 0.3 or if the state did not collect data for that calendar year.","BRFSS","CLASS05","TOPIC19","02","INCOME07","CAT6","BLIND","RESP046","
,  
(64.84507995700051, -147.72205903599973)"
"2023","AK","Alaska","Demographics","Disability status","Are you blind or do you have serious difficulty seeing, even when wearing glasses?","No","$200,000+","Household Income","305","98.2","96.2","100","244","%","Crude Prevalence",,,"BRFSS","CLASS05","TOPIC19","02","INCOME07","CAT6","BLIND","RESP054","
,  
(64.84507995700051, -147.72205903599973)"
"2023","AK","Alaska","Chronic Health Indicators","COPD","Ever told you have COPD?","Yes","Overall","Overall","377","5.9","5","6.7","245","%","Crude Prevalence",,,"BRFSS","CLASS03","TOPIC14","02","BO1","CAT1","CHCCOPD3","RESP046","
,  
(64.84507995700051, -147.72205903599973)"
"2023","AK","Alaska","Chronic Health Indicators","COPD","Ever told you have COPD?","No","Overall","Overall","5119","94.1","93.3","95","246","%","Crude Prevalence",,,"BRFSS","CLASS03","TOPIC14","02","BO1","CAT1","CHCCOPD3","RESP054","
,  
(64.84507995700051, -147.72205903599973)"
"2023","AK","Alaska","Chronic Health Indicators","COPD","Ever told you have COPD?","Yes","Male","Sex","191","5.6","4.4","6.8","247","%","Crude Prevalence",,,"BRFSS","CLASS03","TOPIC14","02","SEX1","CAT2","CHCCOPD3","RESP046","
,  
(64.84507995700051, -147.72205903599973)"
"2023","AK","Alaska","Chronic Health Indicators","COPD","Ever told you have COPD?","No","Male","Sex","2598","94.4","93.2","95.6","248","%","Crude Prevalence",,,"BRFSS","CLASS03","TOPIC14","02","SEX1","CAT2","CHCCOPD3","RESP054","
,  
(64.84507995700051, -147.72205903599973)"
"2023","AK","Alaska","Chronic Health Indicators","COPD","Ever told you have COPD?","Yes","Female","Sex","186","6.2","5","7.4","249","%","Crude Prevalence",,,"BRFSS","CLASS03","TOPIC14","02","SEX2","CAT2","CHCCOPD3","RESP046","
,  
(64.84507995700051, -147.72205903599973)"
"2023","AK","Alaska","Chronic Health Indicators","COPD","Ever told you have COPD?","No","Female","Sex","2521","93.8","92.6","95","250","%","Crude Prevalence",,,"BRFSS","CLASS03","TOPIC14","02","SEX2","CAT2","CHCCOPD3","RESP054","
,  
(64.84507995700051, -147.72205903599973)"
"2023","AK","Alaska","Chronic Health Indicators","COPD","Ever told you have COPD?","Yes","18-24","Age Group","5",,,,"251","%","Crude Prevalence","*","Prevalence estimate not available if the unweighted sample size for the denominator was < 50 or the Relative Standard Error (RSE) is > 0.3 or if the state did not collect data for that calendar year.","BRFSS","CLASS03","TOPIC14","02","AGE01","CAT3","CHCCOPD3","RESP046","
,  
(64.84507995700051, -147.72205903599973)"
"2023","AK","Alaska","Chronic Health Indicators","COPD","Ever told you have COPD?","No","18-24","Age Group","331","98.5","97.2","99.8","252","%","Crude Prevalence",,,"BRFSS","CLASS03","TOPIC14","02","AGE01","CAT3","CHCCOPD3","RESP054","
,  
(64.84507995700051, -147.72205903599973)"
"2023","AK","Alaska","Chronic Health Indicators","COPD","Ever told you have COPD?","Yes","25-34","Age Group","17",,,,"253","%","Crude Prevalence","*","Prevalence estimate not available if the unweighted sample size for the denominator was < 50 or the Relative Standard Error (RSE) is > 0.3 or if the state did not collect data for that calendar year.","BRFSS","CLASS03","TOPIC14","02","AGE02","CAT3","CHCCOPD3","RESP046","
,  
(64.84507995700051, -147.72205903599973)"
"2023","AK","Alaska","Chronic Health Indicators","COPD","Ever told you have COPD?","No","25-34","Age Group","614","96.6","94.4","98.9","254","%","Crude Prevalence",,,"BRFSS","CLASS03","TOPIC14","02","AGE02","CAT3","CHCCOPD3","RESP054","
,  
(64.84507995700051, -147.72205903599973)"
"2023","AK","Alaska","Chronic Health Indicators","COPD","Ever told you have COPD?","Yes","35-44","Age Group","20","3.1","1.6","4.6","255","%","Crude Prevalence",,,"BRFSS","CLASS03","TOPIC14","02","AGE03","CAT3","CHCCOPD3","RESP046","
,  
(64.84507995700051, -147.72205903599973)"
"2023","AK","Alaska","Chronic Health Indicators","COPD","Ever told you have COPD?","No","35-44","Age Group","795","96.9","95.4","98.4","256","%","Crude Prevalence",,,"BRFSS","CLASS03","TOPIC14","02","AGE03","CAT3","CHCCOPD3","RESP054","
,  
(64.84507995700051, -147.72205903599973)"
"2023","AK","Alaska","Chronic Health Indicators","COPD","Ever told you have COPD?","Yes","45-54","Age Group","44","4.8","3","6.5","257","%","Crude Prevalence",,,"BRFSS","CLASS03","TOPIC14","02","AGE04","CAT3","CHCCOPD3","RESP046","
,  
(64.84507995700051, -147.72205903599973)"
"2023","AK","Alaska","Chronic Health Indicators","COPD","Ever told you have COPD?","No","45-54","Age Group","802","95.2","93.5","97","258","%","Crude Prevalence",,,"BRFSS","CLASS03","TOPIC14","02","AGE04","CAT3","CHCCOPD3","RESP054","
,  
(64.84507995700051, -147.72205903599973)"
"2023","AK","Alaska","Chronic Health Indicators","COPD","Ever told you have COPD?","Yes","55-64","Age Group","79","8.6","6.1","11.1","259","%","Crude Prevalence",,,"BRFSS","CLASS03","TOPIC14","02","AGE05","CAT3","CHCCOPD3","RESP046","
,  
(64.84507995700051, -147.72205903599973)"
"2023","AK","Alaska","Chronic Health Indicators","COPD","Ever told you have COPD?","No","55-64","Age Group","940","91.4","88.9","93.8","260","%","Crude Prevalence",,,"BRFSS","CLASS03","TOPIC14","02","AGE05","CAT3","CHCCOPD3","RESP054","
,  
(64.84507995700051, -147.72205903599973)"
"2023","AK","Alaska","Chronic Health Indicators","COPD","Ever told you have COPD?","Yes","65+","Age Group","212","12.2","10","14.4","261","%","Crude Prevalence",,,"BRFSS","CLASS03","TOPIC14","02","AGE09","CAT3","CHCCOPD3","RESP046","
,  
(64.84507995700051, -147.72205903599973)"
"2023","AK","Alaska","Chronic Health Indicators","COPD","Ever told you have COPD?","No","65+","Age Group","1637","87.8","85.6","90","262","%","Crude Prevalence",,,"BRFSS","CLASS03","TOPIC14","02","AGE09","CAT3","CHCCOPD3","RESP054","
,  
(64.84507995700051, -147.72205903599973)"
"2023","AK","Alaska","Chronic Health Indicators","COPD","Ever told you have COPD?","Yes","White, non-Hispanic","Race/Ethnicity","273","6.2","5.2","7.2","263","%","Crude Prevalence",,,"BRFSS","CLASS03","TOPIC14","02","RACE01","CAT4","CHCCOPD3","RESP046","
,  
(64.84507995700051, -147.72205903599973)"
"2023","AK","Alaska","Chronic Health Indicators","COPD","Ever told you have COPD?","No","White, non-Hispanic","Race/Ethnicity","3681","93.8","92.8","94.8","264","%","Crude Prevalence",,,"BRFSS","CLASS03","TOPIC14","02","RACE01","CAT4","CHCCOPD3","RESP054","
,  
(64.84507995700051, -147.72205903599973)"
"2023","AK","Alaska","Chronic Health Indicators","COPD","Ever told you have COPD?","Yes","Black, non-Hispanic","Race/Ethnicity","3",,,,"265","%","Crude Prevalence","*","Prevalence estimate not available if the unweighted sample size for the denominator was < 50 or the Relative Standard Error (RSE) is > 0.3 or if the state did not collect data for that calendar year.","BRFSS","CLASS03","TOPIC14","02","RACE02","CAT4","CHCCOPD3","RESP046","
,  
(64.84507995700051, -147.72205903599973)"
"2023","AK","Alaska","Chronic Health Indicators","COPD","Ever told you have COPD?","No","Black, non-Hispanic","Race/Ethnicity","125","96.9","92.5","100","266","%","Crude Prevalence",,,"BRFSS","CLASS03","TOPIC14","02","RACE02","CAT4","CHCCOPD3","RESP054","
,  
(64.84507995700051, -147.72205903599973)"
"2023","AK","Alaska","Chronic Health Indicators","COPD","Ever told you have COPD?","Yes","American Indian or Alaskan Native, non-Hispanic","Race/Ethnicity","50","6.2","4","8.3","267","%","Crude Prevalence",,,"BRFSS","CLASS03","TOPIC14","02","RACE03","CAT4","CHCCOPD3","RESP046","
,  
(64.84507995700051, -147.72205903599973)"
"2023","AK","Alaska","Chronic Health Indicators","COPD","Ever told you have COPD?","No","American Indian or Alaskan Native, non-Hispanic","Race/Ethnicity","623","93.8","91.7","96","268","%","Crude Prevalence",,,"BRFSS","CLASS03","TOPIC14","02","RACE03","CAT4","CHCCOPD3","RESP054","
,  
(64.84507995700051, -147.72205903599973)"
"2023","AK","Alaska","Chronic Health Indicators","COPD","Ever told you have COPD?","Yes","Asian, non-Hispanic","Race/Ethnicity","2",,,,"269","%","Crude Prevalence","*","Prevalence estimate not available if the unweighted sample size for the denominator was < 50 or the Relative Standard Error (RSE) is > 0.3 or if the state did not collect data for that calendar year.","BRFSS","CLASS03","TOPIC14","02","RACE04","CAT4","CHCCOPD3","RESP046","
,  
(64.84507995700051, -147.72205903599973)"
"2023","AK","Alaska","Chronic Health Indicators","COPD","Ever told you have COPD?","No","Asian, non-Hispanic","Race/Ethnicity","128","99.2","98","100","270","%","Crude Prevalence",,,"BRFSS","CLASS03","TOPIC14","02","RACE04","CAT4","CHCCOPD3","RESP054","
,  
(64.84507995700051, -147.72205903599973)"
"2023","AK","Alaska","Chronic Health Indicators","COPD","Ever told you have COPD?","Yes","Native Hawaiian or other Pacific Islander, non-Hispanic","Race/Ethnicity","1",,,,"271","%","Crude Prevalence","*","Prevalence estimate not available if the unweighted sample size for the denominator was < 50 or the Relative Standard Error (RSE) is > 0.3 or if the state did not collect data for that calendar year.","BRFSS","CLASS03","TOPIC14","02","RACE05","CAT4","CHCCOPD3","RESP046","
,  
(64.84507995700051, -147.72205903599973)"
"2023","AK","Alaska","Chronic Health Indicators","COPD","Ever told you have COPD?","No","Native Hawaiian or other Pacific Islander, non-Hispanic","Race/Ethnicity","35",,,,"272","%","Crude Prevalence","*","Prevalence estimate not available if the unweighted sample size for the denominator was < 50 or the Relative Standard Error (RSE) is > 0.3 or if the state did not collect data for that calendar year.","BRFSS","CLASS03","TOPIC14","02","RACE05","CAT4","CHCCOPD3","RESP054","
,  
(64.84507995700051, -147.72205903599973)"
"2023","AK","Alaska","Chronic Health Indicators","COPD","Ever told you have COPD?","Yes","Other, non-Hispanic","Race/Ethnicity","12",,,,"273","%","Crude Prevalence","*","Prevalence estimate not available if the unweighted sample size for the denominator was < 50 or the Relative Standard Error (RSE) is > 0.3 or if the state did not collect data for that calendar year.","BRFSS","CLASS03","TOPIC14","02","RACE06","CAT4","CHCCOPD3","RESP046","
,  
(64.84507995700051, -147.72205903599973)"
"2023","AK","Alaska","Chronic Health Indicators","COPD","Ever told you have COPD?","No","Other, non-Hispanic","Race/Ethnicity","43","86.4","76.9","95.9","274","%","Crude Prevalence",,,"BRFSS","CLASS03","TOPIC14","02","RACE06","CAT4","CHCCOPD3","RESP054","
,  
(64.84507995700051, -147.72205903599973)"
"2023","AK","Alaska","Chronic Health Indicators","COPD","Ever told you have COPD?","Yes","Multiracial, non-Hispanic","Race/Ethnicity","25",,,,"275","%","Crude Prevalence","*","Prevalence estimate not available if the unweighted sample size for the denominator was < 50 or the Relative Standard Error (RSE) is > 0.3 or if the state did not collect data for that calendar year.","BRFSS","CLASS03","TOPIC14","02","RACE07","CAT4","CHCCOPD3","RESP046","
,  
(64.84507995700051, -147.72205903599973)"
"2023","AK","Alaska","Chronic Health Indicators","COPD","Ever told you have COPD?","No","Multiracial, non-Hispanic","Race/Ethnicity","270","91.4","86.2","96.5","276","%","Crude Prevalence",,,"BRFSS","CLASS03","TOPIC14","02","RACE07","CAT4","CHCCOPD3","RESP054","
,  
(64.84507995700051, -147.72205903599973)"
"2023","AK","Alaska","Chronic Health Indicators","COPD","Ever told you have COPD?","Yes","Hispanic","Race/Ethnicity","11",,,,"277","%","Crude Prevalence","*","Prevalence estimate not available if the unweighted sample size for the denominator was < 50 or the Relative Standard Error (RSE) is > 0.3 or if the state did not collect data for that calendar year.","BRFSS","CLASS03","TOPIC14","02","RACE08","CAT4","CHCCOPD3","RESP046","
,  
(64.84507995700051, -147.72205903599973)"
"2023","AK","Alaska","Chronic Health Indicators","COPD","Ever told you have COPD?","No","Hispanic","Race/Ethnicity","211","95.9","93.2","98.6","278","%","Crude Prevalence",,,"BRFSS","CLASS03","TOPIC14","02","RACE08","CAT4","CHCCOPD3","RESP054","
,  
(64.84507995700051, -147.72205903599973)"
"2023","AK","Alaska","Chronic Health Indicators","COPD","Ever told you have COPD?","Yes","Less than H.S.","Education Attained","41","16.9","10.3","23.4","279","%","Crude Prevalence",,,"BRFSS","CLASS03","TOPIC14","02","EDUCA1","CAT5","CHCCOPD3","RESP046","
,  
(64.84507995700051, -147.72205903599973)"
"2023","AK","Alaska","Chronic Health Indicators","COPD","Ever told you have COPD?","No","Less than H.S.","Education Attained","167","83.1","76.6","89.7","280","%","Crude Prevalence",,,"BRFSS","CLASS03","TOPIC14","02","EDUCA1","CAT5","CHCCOPD3","RESP054","
,  
(64.84507995700051, -147.72205903599973)"
"2023","AK","Alaska","Chronic Health Indicators","COPD","Ever told you have COPD?","Yes","H.S. or G.E.D.","Education Attained","115","5.3","4","6.6","281","%","Crude Prevalence",,,"BRFSS","CLASS03","TOPIC14","02","EDUCA2","CAT5","CHCCOPD3","RESP046","
,  
(64.84507995700051, -147.72205903599973)"
"2023","AK","Alaska","Chronic Health Indicators","COPD","Ever told you have COPD?","No","H.S. or G.E.D.","Education Attained","1311","94.7","93.4","96","282","%","Crude Prevalence",,,"BRFSS","CLASS03","TOPIC14","02","EDUCA2","CAT5","CHCCOPD3","RESP054","
,  
(64.84507995700051, -147.72205903599973)"
"2023","AK","Alaska","Chronic Health Indicators","COPD","Ever told you have COPD?","Yes","Some post-H.S.","Education Attained","139","6.8","5.4","8.2","283","%","Crude Prevalence",,,"BRFSS","CLASS03","TOPIC14","02","EDUCA3","CAT5","CHCCOPD3","RESP046","
,  
(64.84507995700051, -147.72205903599973)"
"2023","AK","Alaska","Chronic Health Indicators","COPD","Ever told you have COPD?","No","Some post-H.S.","Education Attained","1424","93.2","91.8","94.6","284","%","Crude Prevalence",,,"BRFSS","CLASS03","TOPIC14","02","EDUCA3","CAT5","CHCCOPD3","RESP054","
,  
(64.84507995700051, -147.72205903599973)"
"2023","AK","Alaska","Chronic Health Indicators","COPD","Ever told you have COPD?","Yes","College graduate","Education Attained","81","2.4","1.6","3.2","285","%","Crude Prevalence",,,"BRFSS","CLASS03","TOPIC14","02","EDUCA4","CAT5","CHCCOPD3","RESP046","
,  
(64.84507995700051, -147.72205903599973)"
"2023","AK","Alaska","Chronic Health Indicators","COPD","Ever told you have COPD?","No","College graduate","Education Attained","2184","97.6","96.8","98.4","286","%","Crude Prevalence",,,"BRFSS","CLASS03","TOPIC14","02","EDUCA4","CAT5","CHCCOPD3","RESP054","
,  
(64.84507995700051, -147.72205903599973)"
"2023","AK","Alaska","Chronic Health Indicators","COPD","Ever told you have COPD?","Yes","Less than $15,000","Household Income","37","17.6","10.9","24.3","287","%","Crude Prevalence",,,"BRFSS","CLASS03","TOPIC14","02","INCOME01","CAT6","CHCCOPD3","RESP046","
,  
(64.84507995700051, -147.72205903599973)"
"2023","AK","Alaska","Chronic Health Indicators","COPD","Ever told you have COPD?","No","Less than $15,000","Household Income","168","82.4","75.7","89.1","288","%","Crude Prevalence",,,"BRFSS","CLASS03","TOPIC14","02","INCOME01","CAT6","CHCCOPD3","RESP054","
,  
(64.84507995700051, -147.72205903599973)"
"2023","AK","Alaska","Chronic Health Indicators","COPD","Ever told you have COPD?","Yes","$15,000-$24,999","Household Income","57","18.2","12.6","23.8","289","%","Crude Prevalence",,,"BRFSS","CLASS03","TOPIC14","02","INCOME02","CAT6","CHCCOPD3","RESP046","
,  
(64.84507995700051, -147.72205903599973)"
"2023","AK","Alaska","Chronic Health Indicators","COPD","Ever told you have COPD?","No","$15,000-$24,999","Household Income","251","81.8","76.2","87.4","290","%","Crude Prevalence",,,"BRFSS","CLASS03","TOPIC14","02","INCOME02","CAT6","CHCCOPD3","RESP054","
,  
(64.84507995700051, -147.72205903599973)"
"2023","AK","Alaska","Chronic Health Indicators","COPD","Ever told you have COPD?","Yes","$25,000-$34,999","Household Income","43","8.6","5.2","12.1","291","%","Crude Prevalence",,,"BRFSS","CLASS03","TOPIC14","02","INCOME03","CAT6","CHCCOPD3","RESP046","
,  
(64.84507995700051, -147.72205903599973)"
"2023","AK","Alaska","Chronic Health Indicators","COPD","Ever told you have COPD?","No","$25,000-$34,999","Household Income","362","91.4","87.9","94.8","292","%","Crude Prevalence",,,"BRFSS","CLASS03","TOPIC14","02","INCOME03","CAT6","CHCCOPD3","RESP054","
,  
(64.84507995700051, -147.72205903599973)"
"2023","AK","Alaska","Chronic Health Indicators","COPD","Ever told you have COPD?","Yes","$35,000-$49,999","Household Income","44","6.9","4.2","9.6","293","%","Crude Prevalence",,,"BRFSS","CLASS03","TOPIC14","02","INCOME04","CAT6","CHCCOPD3","RESP046","
,  
(64.84507995700051, -147.72205903599973)"
"2023","AK","Alaska","Chronic Health Indicators","COPD","Ever told you have COPD?","No","$35,000-$49,999","Household Income","465","93.1","90.4","95.8","294","%","Crude Prevalence",,,"BRFSS","CLASS03","TOPIC14","02","INCOME04","CAT6","CHCCOPD3","RESP054","
,  
(64.84507995700051, -147.72205903599973)"
"2023","AK","Alaska","Chronic Health Indicators","COPD","Ever told you have COPD?","Yes","$50,000-$99,999","Household Income","68","3.2","2.2","4.2","295","%","Crude Prevalence",,,"BRFSS","CLASS03","TOPIC14","02","INCOME05","CAT6","CHCCOPD3","RESP046","
,  
(64.84507995700051, -147.72205903599973)"
"2023","AK","Alaska","Chronic Health Indicators","COPD","Ever told you have COPD?","No","$50,000-$99,999","Household Income","1498","96.8","95.8","97.8","296","%","Crude Prevalence",,,"BRFSS","CLASS03","TOPIC14","02","INCOME05","CAT6","CHCCOPD3","RESP054","
,  
(64.84507995700051, -147.72205903599973)"
"2023","AK","Alaska","Chronic Health Indicators","COPD","Ever told you have COPD?","Yes","$100,000-$199,999","Household Income","36",,,,"297","%","Crude Prevalence","*","Prevalence estimate not available if the unweighted sample size for the denominator was < 50 or the Relative Standard Error (RSE) is > 0.3 or if the state did not collect data for that calendar year.","BRFSS","CLASS03","TOPIC14","02","INCOME06","CAT6","CHCCOPD3","RESP046","
,  
(64.84507995700051, -147.72205903599973)"
"2023","AK","Alaska","Chronic Health Indicators","COPD","Ever told you have COPD?","No","$100,000-$199,999","Household Income","1139","96.7","94.8","98.7","298","%","Crude Prevalence",,,"BRFSS","CLASS03","TOPIC14","02","INCOME06","CAT6","CHCCOPD3","RESP054","
,  
(64.84507995700051, -147.72205903599973)"
"2023","AK","Alaska","Chronic Health Indicators","COPD","Ever told you have COPD?","Yes","$200,000+","Household Income","8",,,,"299","%","Crude Prevalence","*","Prevalence estimate not available if the unweighted sample size for the denominator was < 50 or the Relative Standard Error (RSE) is > 0.3 or if the state did not collect data for that calendar year.","BRFSS","CLASS03","TOPIC14","02","INCOME07","CAT6","CHCCOPD3","RESP046","
,  
(64.84507995700051, -147.72205903599973)"
"2023","AK","Alaska","Chronic Health Indicators","COPD","Ever told you have COPD?","No","$200,000+","Household Income","301","98.2","96.7","99.6","300","%","Crude Prevalence",,,"BRFSS","CLASS03","TOPIC14","02","INCOME07","CAT6","CHCCOPD3","RESP054","
,  
(64.84507995700051, -147.72205903599973)"
"2023","AK","Alaska","Chronic Health Indicators","Kidney","Ever told you have kidney disease?","Yes","Overall","Overall","189","2.5","2","3","301","%","Crude Prevalence",,,"BRFSS","CLASS03","TOPIC35","02","BO1","CAT1","CHCKDNY2","RESP046","
,  
(64.84507995700051, -147.72205903599973)"
"2023","AK","Alaska","Chronic Health Indicators","Kidney","Ever told you have kidney disease?","No","Overall","Overall","5311","97.5","97","98","302","%","Crude Prevalence",,,"BRFSS","CLASS03","TOPIC35","02","BO1","CAT1","CHCKDNY2","RESP054","
,  
(64.84507995700051, -147.72205903599973)"
"2023","AK","Alaska","Chronic Health Indicators","Kidney","Ever told you have kidney disease?","Yes","Male","Sex","73","1.8","1.3","2.4","303","%","Crude Prevalence",,,"BRFSS","CLASS03","TOPIC35","02","SEX1","CAT2","CHCKDNY2","RESP046","
,  
(64.84507995700051, -147.72205903599973)"
"2023","AK","Alaska","Chronic Health Indicators","Kidney","Ever told you have kidney disease?","No","Male","Sex","2721","98.2","97.6","98.7","304","%","Crude Prevalence",,,"BRFSS","CLASS03","TOPIC35","02","SEX1","CAT2","CHCKDNY2","RESP054","
,  
(64.84507995700051, -147.72205903599973)"
"2023","AK","Alaska","Chronic Health Indicators","Kidney","Ever told you have kidney disease?","Yes","Female","Sex","116","3.2","2.4","4.1","305","%","Crude Prevalence",,,"BRFSS","CLASS03","TOPIC35","02","SEX2","CAT2","CHCKDNY2","RESP046","
,  
(64.84507995700051, -147.72205903599973)"
"2023","AK","Alaska","Chronic Health Indicators","Kidney","Ever told you have kidney disease?","No","Female","Sex","2590","96.8","95.9","97.6","306","%","Crude Prevalence",,,"BRFSS","CLASS03","TOPIC35","02","SEX2","CAT2","CHCKDNY2","RESP054","
,  
(64.84507995700051, -147.72205903599973)"
"2023","AK","Alaska","Chronic Health Indicators","Kidney","Ever told you have kidney disease?","Yes","18-24","Age Group","4",,,,"307","%","Crude Prevalence","*","Prevalence estimate not available if the unweighted sample size for the denominator was < 50 or the Relative Standard Error (RSE) is > 0.3 or if the state did not collect data for that calendar year.","BRFSS","CLASS03","TOPIC35","02","AGE01","CAT3","CHCKDNY2","RESP046","
,  
(64.84507995700051, -147.72205903599973)"
"2023","AK","Alaska","Chronic Health Indicators","Kidney","Ever told you have kidney disease?","No","18-24","Age Group","335","98.6","96.9","100","308","%","Crude Prevalence",,,"BRFSS","CLASS03","TOPIC35","02","AGE01","CAT3","CHCKDNY2","RESP054","
,  
(64.84507995700051, -147.72205903599973)"
"2023","AK","Alaska","Chronic Health Indicators","Kidney","Ever told you have kidney disease?","Yes","25-34","Age Group","8",,,,"309","%","Crude Prevalence","*","Prevalence estimate not available if the unweighted sample size for the denominator was < 50 or the Relative Standard Error (RSE) is > 0.3 or if the state did not collect data for that calendar year.","BRFSS","CLASS03","TOPIC35","02","AGE02","CAT3","CHCKDNY2","RESP046","
,  
(64.84507995700051, -147.72205903599973)"
"2023","AK","Alaska","Chronic Health Indicators","Kidney","Ever told you have kidney disease?","No","25-34","Age Group","622","98.9","98.2","99.7","310","%","Crude Prevalence",,,"BRFSS","CLASS03","TOPIC35","02","AGE02","CAT3","CHCKDNY2","RESP054","
,  
(64.84507995700051, -147.72205903599973)"
"2023","AK","Alaska","Chronic Health Indicators","Kidney","Ever told you have kidney disease?","Yes","35-44","Age Group","8",,,,"311","%","Crude Prevalence","*","Prevalence estimate not available if the unweighted sample size for the denominator was < 50 or the Relative Standard Error (RSE) is > 0.3 or if the state did not collect data for that calendar year.","BRFSS","CLASS03","TOPIC35","02","AGE03","CAT3","CHCKDNY2","RESP046","
,  
(64.84507995700051, -147.72205903599973)"
"2023","AK","Alaska","Chronic Health Indicators","Kidney","Ever told you have kidney disease?","No","35-44","Age Group","809","99.1","98.4","99.8","312","%","Crude Prevalence",,,"BRFSS","CLASS03","TOPIC35","02","AGE03","CAT3","CHCKDNY2","RESP054","
,  
(64.84507995700051, -147.72205903599973)"
"2023","AK","Alaska","Chronic Health Indicators","Kidney","Ever told you have kidney disease?","Yes","45-54","Age Group","22","2.4","1.1","3.7","313","%","Crude Prevalence",,,"BRFSS","CLASS03","TOPIC35","02","AGE04","CAT3","CHCKDNY2","RESP046","
,  
(64.84507995700051, -147.72205903599973)"
"2023","AK","Alaska","Chronic Health Indicators","Kidney","Ever told you have kidney disease?","No","45-54","Age Group","825","97.6","96.3","98.9","314","%","Crude Prevalence",,,"BRFSS","CLASS03","TOPIC35","02","AGE04","CAT3","CHCKDNY2","RESP054","
,  
(64.84507995700051, -147.72205903599973)"
"2023","AK","Alaska","Chronic Health Indicators","Kidney","Ever told you have kidney disease?","Yes","55-64","Age Group","32","2.8","1.4","4.2","315","%","Crude Prevalence",,,"BRFSS","CLASS03","TOPIC35","02","AGE05","CAT3","CHCKDNY2","RESP046","
,  
(64.84507995700051, -147.72205903599973)"
"2023","AK","Alaska","Chronic Health Indicators","Kidney","Ever told you have kidney disease?","No","55-64","Age Group","984","97.2","95.8","98.6","316","%","Crude Prevalence",,,"BRFSS","CLASS03","TOPIC35","02","AGE05","CAT3","CHCKDNY2","RESP054","
,  
(64.84507995700051, -147.72205903599973)"
"2023","AK","Alaska","Chronic Health Indicators","Kidney","Ever told you have kidney disease?","Yes","65+","Age Group","115","5.9","4.5","7.3","317","%","Crude Prevalence",,,"BRFSS","CLASS03","TOPIC35","02","AGE09","CAT3","CHCKDNY2","RESP046","
,  
(64.84507995700051, -147.72205903599973)"
"2023","AK","Alaska","Chronic Health Indicators","Kidney","Ever told you have kidney disease?","No","65+","Age Group","1736","94.1","92.7","95.5","318","%","Crude Prevalence",,,"BRFSS","CLASS03","TOPIC35","02","AGE09","CAT3","CHCKDNY2","RESP054","
,  
(64.84507995700051, -147.72205903599973)"
"2023","AK","Alaska","Chronic Health Indicators","Kidney","Ever told you have kidney disease?","Yes","White, non-Hispanic","Race/Ethnicity","137","2.6","2","3.2","319","%","Crude Prevalence",,,"BRFSS","CLASS03","TOPIC35","02","RACE01","CAT4","CHCKDNY2","RESP046","
,  
(64.84507995700051, -147.72205903599973)"
"2023","AK","Alaska","Chronic Health Indicators","Kidney","Ever told you have kidney disease?","No","White, non-Hispanic","Race/Ethnicity","3820","97.4","96.8","98","320","%","Crude Prevalence",,,"BRFSS","CLASS03","TOPIC35","02","RACE01","CAT4","CHCKDNY2","RESP054","
,  
(64.84507995700051, -147.72205903599973)"
"2023","AK","Alaska","Chronic Health Indicators","Kidney","Ever told you have kidney disease?","Yes","Black, non-Hispanic","Race/Ethnicity","3",,,,"321","%","Crude Prevalence","*","Prevalence estimate not available if the unweighted sample size for the denominator was < 50 or the Relative Standard Error (RSE) is > 0.3 or if the state did not collect data for that calendar year.","BRFSS","CLASS03","TOPIC35","02","RACE02","CAT4","CHCKDNY2","RESP046","
,  
(64.84507995700051, -147.72205903599973)"
"2023","AK","Alaska","Chronic Health Indicators","Kidney","Ever told you have kidney disease?","No","Black, non-Hispanic","Race/Ethnicity","126","97.9","95.5","100","322","%","Crude Prevalence",,,"BRFSS","CLASS03","TOPIC35","02","RACE02","CAT4","CHCKDNY2","RESP054","
,  
(64.84507995700051, -147.72205903599973)"
"2023","AK","Alaska","Chronic Health Indicators","Kidney","Ever told you have kidney disease?","Yes","American Indian or Alaskan Native, non-Hispanic","Race/Ethnicity","32","4.1","2.4","5.8","323","%","Crude Prevalence",,,"BRFSS","CLASS03","TOPIC35","02","RACE03","CAT4","CHCKDNY2","RESP046","
,  
(64.84507995700051, -147.72205903599973)"
"2023","AK","Alaska","Chronic Health Indicators","Kidney","Ever told you have kidney disease?","No","American Indian or Alaskan Native, non-Hispanic","Race/Ethnicity","643","95.9","94.2","97.6","324","%","Crude Prevalence",,,"BRFSS","CLASS03","TOPIC35","02","RACE03","CAT4","CHCKDNY2","RESP054","
,  
(64.84507995700051, -147.72205903599973)"
"2023","AK","Alaska","Chronic Health Indicators","Kidney","Ever told you have kidney disease?","Yes","Asian, non-Hispanic","Race/Ethnicity","2",,,,"325","%","Crude Prevalence","*","Prevalence estimate not available if the unweighted sample size for the denominator was < 50 or the Relative Standard Error (RSE) is > 0.3 or if the state did not collect data for that calendar year.","BRFSS","CLASS03","TOPIC35","02","RACE04","CAT4","CHCKDNY2","RESP046","
,  
(64.84507995700051, -147.72205903599973)"
"2023","AK","Alaska","Chronic Health Indicators","Kidney","Ever told you have kidney disease?","No","Asian, non-Hispanic","Race/Ethnicity","127","99","97.5","100","326","%","Crude Prevalence",,,"BRFSS","CLASS03","TOPIC35","02","RACE04","CAT4","CHCKDNY2","RESP054","
,  
(64.84507995700051, -147.72205903599973)"
"2023","AK","Alaska","Chronic Health Indicators","Kidney","Ever told you have kidney disease?","Yes","Native Hawaiian or other Pacific Islander, non-Hispanic","Race/Ethnicity","0",,,,"327","%","Crude Prevalence","***","No responses for this data cell","BRFSS","CLASS03","TOPIC35","02","RACE05","CAT4","CHCKDNY2","RESP046","
,  
(64.84507995700051, -147.72205903599973)"
"2023","AK","Alaska","Chronic Health Indicators","Kidney","Ever told you have kidney disease?","No","Native Hawaiian or other Pacific Islander, non-Hispanic","Race/Ethnicity","36",,,,"328","%","Crude Prevalence","*","Prevalence estimate not available if the unweighted sample size for the denominator was < 50 or the Relative Standard Error (RSE) is > 0.3 or if the state did not collect data for that calendar year.","BRFSS","CLASS03","TOPIC35","02","RACE05","CAT4","CHCKDNY2","RESP054","
,  
(64.84507995700051, -147.72205903599973)"
"2023","AK","Alaska","Chronic Health Indicators","Kidney","Ever told you have kidney disease?","Yes","Other, non-Hispanic","Race/Ethnicity","1",,,,"329","%","Crude Prevalence","*","Prevalence estimate not available if the unweighted sample size for the denominator was < 50 or the Relative Standard Error (RSE) is > 0.3 or if the state did not collect data for that calendar year.","BRFSS","CLASS03","TOPIC35","02","RACE06","CAT4","CHCKDNY2","RESP046","
,  
(64.84507995700051, -147.72205903599973)"
"2023","AK","Alaska","Chronic Health Indicators","Kidney","Ever told you have kidney disease?","No","Other, non-Hispanic","Race/Ethnicity","54","99.1","97.3","100","330","%","Crude Prevalence",,,"BRFSS","CLASS03","TOPIC35","02","RACE06","CAT4","CHCKDNY2","RESP054","
,  
(64.84507995700051, -147.72205903599973)"
"2023","AK","Alaska","Chronic Health Indicators","Kidney","Ever told you have kidney disease?","Yes","Multiracial, non-Hispanic","Race/Ethnicity","9",,,,"331","%","Crude Prevalence","*","Prevalence estimate not available if the unweighted sample size for the denominator was < 50 or the Relative Standard Error (RSE) is > 0.3 or if the state did not collect data for that calendar year.","BRFSS","CLASS03","TOPIC35","02","RACE07","CAT4","CHCKDNY2","RESP046","
,  
(64.84507995700051, -147.72205903599973)"
"2023","AK","Alaska","Chronic Health Indicators","Kidney","Ever told you have kidney disease?","No","Multiracial, non-Hispanic","Race/Ethnicity","285","98.3","96.8","99.8","332","%","Crude Prevalence",,,"BRFSS","CLASS03","TOPIC35","02","RACE07","CAT4","CHCKDNY2","RESP054","
,  
(64.84507995700051, -147.72205903599973)"
"2023","AK","Alaska","Chronic Health Indicators","Kidney","Ever told you have kidney disease?","Yes","Hispanic","Race/Ethnicity","5",,,,"333","%","Crude Prevalence","*","Prevalence estimate not available if the unweighted sample size for the denominator was < 50 or the Relative Standard Error (RSE) is > 0.3 or if the state did not collect data for that calendar year.","BRFSS","CLASS03","TOPIC35","02","RACE08","CAT4","CHCKDNY2","RESP046","
,  
(64.84507995700051, -147.72205903599973)"
"2023","AK","Alaska","Chronic Health Indicators","Kidney","Ever told you have kidney disease?","No","Hispanic","Race/Ethnicity","217","97.8","94.8","100","334","%","Crude Prevalence",,,"BRFSS","CLASS03","TOPIC35","02","RACE08","CAT4","CHCKDNY2","RESP054","
,  
(64.84507995700051, -147.72205903599973)"
"2023","AK","Alaska","Chronic Health Indicators","Kidney","Ever told you have kidney disease?","Yes","Less than H.S.","Education Attained","9",,,,"335","%","Crude Prevalence","*","Prevalence estimate not available if the unweighted sample size for the denominator was < 50 or the Relative Standard Error (RSE) is > 0.3 or if the state did not collect data for that calendar year.","BRFSS","CLASS03","TOPIC35","02","EDUCA1","CAT5","CHCKDNY2","RESP046","
,  
(64.84507995700051, -147.72205903599973)"
"2023","AK","Alaska","Chronic Health Indicators","Kidney","Ever told you have kidney disease?","No","Less than H.S.","Education Attained","196","97.4","95.2","99.6","336","%","Crude Prevalence",,,"BRFSS","CLASS03","TOPIC35","02","EDUCA1","CAT5","CHCKDNY2","RESP054","
,  
(64.84507995700051, -147.72205903599973)"
"2023","AK","Alaska","Chronic Health Indicators","Kidney","Ever told you have kidney disease?","Yes","H.S. or G.E.D.","Education Attained","33","1.8","0.9","2.8","337","%","Crude Prevalence",,,"BRFSS","CLASS03","TOPIC35","02","EDUCA2","CAT5","CHCKDNY2","RESP046","
,  
(64.84507995700051, -147.72205903599973)"
"2023","AK","Alaska","Chronic Health Indicators","Kidney","Ever told you have kidney disease?","No","H.S. or G.E.D.","Education Attained","1396","98.2","97.2","99.1","338","%","Crude Prevalence",,,"BRFSS","CLASS03","TOPIC35","02","EDUCA2","CAT5","CHCKDNY2","RESP054","
,  
(64.84507995700051, -147.72205903599973)"
"2023","AK","Alaska","Chronic Health Indicators","Kidney","Ever told you have kidney disease?","Yes","Some post-H.S.","Education Attained","73","3.4","2.4","4.4","339","%","Crude Prevalence",,,"BRFSS","CLASS03","TOPIC35","02","EDUCA3","CAT5","CHCKDNY2","RESP046","
,  
(64.84507995700051, -147.72205903599973)"
"2023","AK","Alaska","Chronic Health Indicators","Kidney","Ever told you have kidney disease?","No","Some post-H.S.","Education Attained","1494","96.6","95.6","97.6","340","%","Crude Prevalence",,,"BRFSS","CLASS03","TOPIC35","02","EDUCA3","CAT5","CHCKDNY2","RESP054","
,  
(64.84507995700051, -147.72205903599973)"
"2023","AK","Alaska","Chronic Health Indicators","Kidney","Ever told you have kidney disease?","Yes","College graduate","Education Attained","74","2.2","1.5","2.9","341","%","Crude Prevalence",,,"BRFSS","CLASS03","TOPIC35","02","EDUCA4","CAT5","CHCKDNY2","RESP046","
,  
(64.84507995700051, -147.72205903599973)"
"2023","AK","Alaska","Chronic Health Indicators","Kidney","Ever told you have kidney disease?","No","College graduate","Education Attained","2192","97.8","97.1","98.6","342","%","Crude Prevalence",,,"BRFSS","CLASS03","TOPIC35","02","EDUCA4","CAT5","CHCKDNY2","RESP054","
,  
(64.84507995700051, -147.72205903599973)"
"2023","AK","Alaska","Chronic Health Indicators","Kidney","Ever told you have kidney disease?","Yes","Less than $15,000","Household Income","18","7.6","3.4","11.8","343","%","Crude Prevalence",,,"BRFSS","CLASS03","TOPIC35","02","INCOME01","CAT6","CHCKDNY2","RESP046","
,  
(64.84507995700051, -147.72205903599973)"
"2023","AK","Alaska","Chronic Health Indicators","Kidney","Ever told you have kidney disease?","No","Less than $15,000","Household Income","185","92.4","88.2","96.6","344","%","Crude Prevalence",,,"BRFSS","CLASS03","TOPIC35","02","INCOME01","CAT6","CHCKDNY2","RESP054","
,  
(64.84507995700051, -147.72205903599973)"
"2023","AK","Alaska","Chronic Health Indicators","Kidney","Ever told you have kidney disease?","Yes","$15,000-$24,999","Household Income","11",,,,"345","%","Crude Prevalence","*","Prevalence estimate not available if the unweighted sample size for the denominator was < 50 or the Relative Standard Error (RSE) is > 0.3 or if the state did not collect data for that calendar year.","BRFSS","CLASS03","TOPIC35","02","INCOME02","CAT6","CHCKDNY2","RESP046","
,  
(64.84507995700051, -147.72205903599973)"
"2023","AK","Alaska","Chronic Health Indicators","Kidney","Ever told you have kidney disease?","No","$15,000-$24,999","Household Income","298","97.5","95.7","99.3","346","%","Crude Prevalence",,,"BRFSS","CLASS03","TOPIC35","02","INCOME02","CAT6","CHCKDNY2","RESP054","
,  
(64.84507995700051, -147.72205903599973)"
"2023","AK","Alaska","Chronic Health Indicators","Kidney","Ever told you have kidney disease?","Yes","$25,000-$34,999","Household Income","23","3.8","1.9","5.8","347","%","Crude Prevalence",,,"BRFSS","CLASS03","TOPIC35","02","INCOME03","CAT6","CHCKDNY2","RESP046","
,  
(64.84507995700051, -147.72205903599973)"
"2023","AK","Alaska","Chronic Health Indicators","Kidney","Ever told you have kidney disease?","No","$25,000-$34,999","Household Income","381","96.2","94.2","98.1","348","%","Crude Prevalence",,,"BRFSS","CLASS03","TOPIC35","02","INCOME03","CAT6","CHCKDNY2","RESP054","
,  
(64.84507995700051, -147.72205903599973)"
"2023","AK","Alaska","Chronic Health Indicators","Kidney","Ever told you have kidney disease?","Yes","$35,000-$49,999","Household Income","16","1.6","0.7","2.5","349","%","Crude Prevalence",,,"BRFSS","CLASS03","TOPIC35","02","INCOME04","CAT6","CHCKDNY2","RESP046","
,  
(64.84507995700051, -147.72205903599973)"
"2023","AK","Alaska","Chronic Health Indicators","Kidney","Ever told you have kidney disease?","No","$35,000-$49,999","Household Income","489","98.4","97.5","99.3","350","%","Crude Prevalence",,,"BRFSS","CLASS03","TOPIC35","02","INCOME04","CAT6","CHCKDNY2","RESP054","
,  
(64.84507995700051, -147.72205903599973)"
"2023","AK","Alaska","Chronic Health Indicators","Kidney","Ever told you have kidney disease?","Yes","$50,000-$99,999","Household Income","51","2.5","1.6","3.5","351","%","Crude Prevalence",,,"BRFSS","CLASS03","TOPIC35","02","INCOME05","CAT6","CHCKDNY2","RESP046","
,  
(64.84507995700051, -147.72205903599973)"
"2023","AK","Alaska","Chronic Health Indicators","Kidney","Ever told you have kidney disease?","No","$50,000-$99,999","Household Income","1515","97.5","96.5","98.4","352","%","Crude Prevalence",,,"BRFSS","CLASS03","TOPIC35","02","INCOME05","CAT6","CHCKDNY2","RESP054","
,  
(64.84507995700051, -147.72205903599973)"
"2023","AK","Alaska","Chronic Health Indicators","Kidney","Ever told you have kidney disease?","Yes","$100,000-$199,999","Household Income","29","1.5","0.8","2.2","353","%","Crude Prevalence",,,"BRFSS","CLASS03","TOPIC35","02","INCOME06","CAT6","CHCKDNY2","RESP046","
,  
(64.84507995700051, -147.72205903599973)"
"2023","AK","Alaska","Chronic Health Indicators","Kidney","Ever told you have kidney disease?","No","$100,000-$199,999","Household Income","1148","98.5","97.8","99.2","354","%","Crude Prevalence",,,"BRFSS","CLASS03","TOPIC35","02","INCOME06","CAT6","CHCKDNY2","RESP054","
,  
(64.84507995700051, -147.72205903599973)"
"2023","AK","Alaska","Chronic Health Indicators","Kidney","Ever told you have kidney disease?","Yes","$200,000+","Household Income","6",,,,"355","%","Crude Prevalence","*","Prevalence estimate not available if the unweighted sample size for the denominator was < 50 or the Relative Standard Error (RSE) is > 0.3 or if the state did not collect data for that calendar year.","BRFSS","CLASS03","TOPIC35","02","INCOME07","CAT6","CHCKDNY2","RESP046","
,  
(64.84507995700051, -147.72205903599973)"
"2023","AK","Alaska","Chronic Health Indicators","Kidney","Ever told you have kidney disease?","No","$200,000+","Household Income","305","98.6","96.9","100","356","%","Crude Prevalence",,,"BRFSS","CLASS03","TOPIC35","02","INCOME07","CAT6","CHCKDNY2","RESP054","
,  
(64.84507995700051, -147.72205903599973)"
"2023","AK","Alaska","Chronic Health Indicators","Other Cancer","Ever told you had any other types of cancer?","Yes","Overall","Overall","548","7.3","6.4","8.1","357","%","Crude Prevalence",,,"BRFSS","CLASS03","TOPIC40","02","BO1","CAT1","CHCOCNC1","RESP046","
,  
(64.84507995700051, -147.72205903599973)"
"2023","AK","Alaska","Chronic Health Indicators","Other Cancer","Ever told you had any other types of cancer?","No","Overall","Overall","4947","92.7","91.9","93.6","358","%","Crude Prevalence",,,"BRFSS","CLASS03","TOPIC40","02","BO1","CAT1","CHCOCNC1","RESP054","
,  
(64.84507995700051, -147.72205903599973)"
"2023","AK","Alaska","Chronic Health Indicators","Other Cancer","Ever told you had any other types of cancer?","Yes","Male","Sex","244","5.8","4.7","6.9","359","%","Crude Prevalence",,,"BRFSS","CLASS03","TOPIC40","02","SEX1","CAT2","CHCOCNC1","RESP046","
,  
(64.84507995700051, -147.72205903599973)"
"2023","AK","Alaska","Chronic Health Indicators","Other Cancer","Ever told you had any other types of cancer?","No","Male","Sex","2542","94.2","93.1","95.3","360","%","Crude Prevalence",,,"BRFSS","CLASS03","TOPIC40","02","SEX1","CAT2","CHCOCNC1","RESP054","
,  
(64.84507995700051, -147.72205903599973)"
"2023","AK","Alaska","Chronic Health Indicators","Other Cancer","Ever told you had any other types of cancer?","Yes","Female","Sex","304","8.8","7.5","10.2","361","%","Crude Prevalence",,,"BRFSS","CLASS03","TOPIC40","02","SEX2","CAT2","CHCOCNC1","RESP046","
,  
(64.84507995700051, -147.72205903599973)"
"2023","AK","Alaska","Chronic Health Indicators","Other Cancer","Ever told you had any other types of cancer?","No","Female","Sex","2405","91.2","89.8","92.5","362","%","Crude Prevalence",,,"BRFSS","CLASS03","TOPIC40","02","SEX2","CAT2","CHCOCNC1","RESP054","
,  
(64.84507995700051, -147.72205903599973)"
"2023","AK","Alaska","Chronic Health Indicators","Other Cancer","Ever told you had any other types of cancer?","Yes","18-24","Age Group","0",,,,"363","%","Crude Prevalence","***","No responses for this data cell","BRFSS","CLASS03","TOPIC40","02","AGE01","CAT3","CHCOCNC1","RESP046","
,  
(64.84507995700051, -147.72205903599973)"
"2023","AK","Alaska","Chronic Health Indicators","Other Cancer","Ever told you had any other types of cancer?","No","18-24","Age Group","336","100","100","100","364","%","Crude Prevalence",,,"BRFSS","CLASS03","TOPIC40","02","AGE01","CAT3","CHCOCNC1","RESP054","
,  
(64.84507995700051, -147.72205903599973)"
"2023","AK","Alaska","Chronic Health Indicators","Other Cancer","Ever told you had any other types of cancer?","Yes","25-34","Age Group","6",,,,"365","%","Crude Prevalence","*","Prevalence estimate not available if the unweighted sample size for the denominator was < 50 or the Relative Standard Error (RSE) is > 0.3 or if the state did not collect data for that calendar year.","BRFSS","CLASS03","TOPIC40","02","AGE02","CAT3","CHCOCNC1","RESP046","
,  
(64.84507995700051, -147.72205903599973)"
"2023","AK","Alaska","Chronic Health Indicators","Other Cancer","Ever told you had any other types of cancer?","No","25-34","Age Group","625","98.4","96.5","100","366","%","Crude Prevalence",,,"BRFSS","CLASS03","TOPIC40","02","AGE02","CAT3","CHCOCNC1","RESP054","
,  
(64.84507995700051, -147.72205903599973)"
"2023","AK","Alaska","Chronic Health Indicators","Other Cancer","Ever told you had any other types of cancer?","Yes","35-44","Age Group","23","2.2","1.1","3.4","367","%","Crude Prevalence",,,"BRFSS","CLASS03","TOPIC40","02","AGE03","CAT3","CHCOCNC1","RESP046","
,  
(64.84507995700051, -147.72205903599973)"
"2023","AK","Alaska","Chronic Health Indicators","Other Cancer","Ever told you had any other types of cancer?","No","35-44","Age Group","794","97.8","96.6","98.9","368","%","Crude Prevalence",,,"BRFSS","CLASS03","TOPIC40","02","AGE03","CAT3","CHCOCNC1","RESP054","
,  
(64.84507995700051, -147.72205903599973)"
"2023","AK","Alaska","Chronic Health Indicators","Other Cancer","Ever told you had any other types of cancer?","Yes","45-54","Age Group","41","4.6","2.8","6.4","369","%","Crude Prevalence",,,"BRFSS","CLASS03","TOPIC40","02","AGE04","CAT3","CHCOCNC1","RESP046","
,  
(64.84507995700051, -147.72205903599973)"
"2023","AK","Alaska","Chronic Health Indicators","Other Cancer","Ever told you had any other types of cancer?","No","45-54","Age Group","801","95.4","93.6","97.2","370","%","Crude Prevalence",,,"BRFSS","CLASS03","TOPIC40","02","AGE04","CAT3","CHCOCNC1","RESP054","
,  
(64.84507995700051, -147.72205903599973)"
"2023","AK","Alaska","Chronic Health Indicators","Other Cancer","Ever told you had any other types of cancer?","Yes","55-64","Age Group","118","12.6","9.7","15.5","371","%","Crude Prevalence",,,"BRFSS","CLASS03","TOPIC40","02","AGE05","CAT3","CHCOCNC1","RESP046","
,  
(64.84507995700051, -147.72205903599973)"
"2023","AK","Alaska","Chronic Health Indicators","Other Cancer","Ever told you had any other types of cancer?","No","55-64","Age Group","898","87.4","84.4","90.3","372","%","Crude Prevalence",,,"BRFSS","CLASS03","TOPIC40","02","AGE05","CAT3","CHCOCNC1","RESP054","
,  
(64.84507995700051, -147.72205903599973)"
"2023","AK","Alaska","Chronic Health Indicators","Other Cancer","Ever told you had any other types of cancer?","Yes","65+","Age Group","360","19.4","16.9","21.9","373","%","Crude Prevalence",,,"BRFSS","CLASS03","TOPIC40","02","AGE09","CAT3","CHCOCNC1","RESP046","
,  
(64.84507995700051, -147.72205903599973)"
"2023","AK","Alaska","Chronic Health Indicators","Other Cancer","Ever told you had any other types of cancer?","No","65+","Age Group","1493","80.6","78.1","83.1","374","%","Crude Prevalence",,,"BRFSS","CLASS03","TOPIC40","02","AGE09","CAT3","CHCOCNC1","RESP054","
,  
(64.84507995700051, -147.72205903599973)"
"2023","AK","Alaska","Chronic Health Indicators","Other Cancer","Ever told you had any other types of cancer?","Yes","White, non-Hispanic","Race/Ethnicity","461","8.7","7.7","9.8","375","%","Crude Prevalence",,,"BRFSS","CLASS03","TOPIC40","02","RACE01","CAT4","CHCOCNC1","RESP046","
,  
(64.84507995700051, -147.72205903599973)"
"2023","AK","Alaska","Chronic Health Indicators","Other Cancer","Ever told you had any other types of cancer?","No","White, non-Hispanic","Race/Ethnicity","3491","91.3","90.2","92.3","376","%","Crude Prevalence",,,"BRFSS","CLASS03","TOPIC40","02","RACE01","CAT4","CHCOCNC1","RESP054","
,  
(64.84507995700051, -147.72205903599973)"
"2023","AK","Alaska","Chronic Health Indicators","Other Cancer","Ever told you had any other types of cancer?","Yes","Black, non-Hispanic","Race/Ethnicity","4",,,,"377","%","Crude Prevalence","*","Prevalence estimate not available if the unweighted sample size for the denominator was < 50 or the Relative Standard Error (RSE) is > 0.3 or if the state did not collect data for that calendar year.","BRFSS","CLASS03","TOPIC40","02","RACE02","CAT4","CHCOCNC1","RESP046","
,  
(64.84507995700051, -147.72205903599973)"
"2023","AK","Alaska","Chronic Health Indicators","Other Cancer","Ever told you had any other types of cancer?","No","Black, non-Hispanic","Race/Ethnicity","124","97.9","95.7","100","378","%","Crude Prevalence",,,"BRFSS","CLASS03","TOPIC40","02","RACE02","CAT4","CHCOCNC1","RESP054","
,  
(64.84507995700051, -147.72205903599973)"
"2023","AK","Alaska","Chronic Health Indicators","Other Cancer","Ever told you had any other types of cancer?","Yes","American Indian or Alaskan Native, non-Hispanic","Race/Ethnicity","45","6.2","3.7","8.7","379","%","Crude Prevalence",,,"BRFSS","CLASS03","TOPIC40","02","RACE03","CAT4","CHCOCNC1","RESP046","
,  
(64.84507995700051, -147.72205903599973)"
"2023","AK","Alaska","Chronic Health Indicators","Other Cancer","Ever told you had any other types of cancer?","No","American Indian or Alaskan Native, non-Hispanic","Race/Ethnicity","630","93.8","91.3","96.3","380","%","Crude Prevalence",,,"BRFSS","CLASS03","TOPIC40","02","RACE03","CAT4","CHCOCNC1","RESP054","
,  
(64.84507995700051, -147.72205903599973)"
"2023","AK","Alaska","Chronic Health Indicators","Other Cancer","Ever told you had any other types of cancer?","Yes","Asian, non-Hispanic","Race/Ethnicity","3",,,,"381","%","Crude Prevalence","*","Prevalence estimate not available if the unweighted sample size for the denominator was < 50 or the Relative Standard Error (RSE) is > 0.3 or if the state did not collect data for that calendar year.","BRFSS","CLASS03","TOPIC40","02","RACE04","CAT4","CHCOCNC1","RESP046","
,  
(64.84507995700051, -147.72205903599973)"
"2023","AK","Alaska","Chronic Health Indicators","Other Cancer","Ever told you had any other types of cancer?","No","Asian, non-Hispanic","Race/Ethnicity","127","97.2","93.6","100","382","%","Crude Prevalence",,,"BRFSS","CLASS03","TOPIC40","02","RACE04","CAT4","CHCOCNC1","RESP054","
,  
(64.84507995700051, -147.72205903599973)"
"2023","AK","Alaska","Chronic Health Indicators","Other Cancer","Ever told you had any other types of cancer?","Yes","Native Hawaiian or other Pacific Islander, non-Hispanic","Race/Ethnicity","0",,,,"383","%","Crude Prevalence","***","No responses for this data cell","BRFSS","CLASS03","TOPIC40","02","RACE05","CAT4","CHCOCNC1","RESP046","
,  
(64.84507995700051, -147.72205903599973)"
"2023","AK","Alaska","Chronic Health Indicators","Other Cancer","Ever told you had any other types of cancer?","No","Native Hawaiian or other Pacific Islander, non-Hispanic","Race/Ethnicity","36",,,,"384","%","Crude Prevalence","*","Prevalence estimate not available if the unweighted sample size for the denominator was < 50 or the Relative Standard Error (RSE) is > 0.3 or if the state did not collect data for that calendar year.","BRFSS","CLASS03","TOPIC40","02","RACE05","CAT4","CHCOCNC1","RESP054","
,  
(64.84507995700051, -147.72205903599973)"
"2023","AK","Alaska","Chronic Health Indicators","Other Cancer","Ever told you had any other types of cancer?","Yes","Other, non-Hispanic","Race/Ethnicity","5",,,,"385","%","Crude Prevalence","*","Prevalence estimate not available if the unweighted sample size for the denominator was < 50 or the Relative Standard Error (RSE) is > 0.3 or if the state did not collect data for that calendar year.","BRFSS","CLASS03","TOPIC40","02","RACE06","CAT4","CHCOCNC1","RESP046","
,  
(64.84507995700051, -147.72205903599973)"
"2023","AK","Alaska","Chronic Health Indicators","Other Cancer","Ever told you had any other types of cancer?","No","Other, non-Hispanic","Race/Ethnicity","50","94.7","87.9","100","386","%","Crude Prevalence",,,"BRFSS","CLASS03","TOPIC40","02","RACE06","CAT4","CHCOCNC1","RESP054","
,  
(64.84507995700051, -147.72205903599973)"
"2023","AK","Alaska","Chronic Health Indicators","Other Cancer","Ever told you had any other types of cancer?","Yes","Multiracial, non-Hispanic","Race/Ethnicity","24",,,,"387","%","Crude Prevalence","*","Prevalence estimate not available if the unweighted sample size for the denominator was < 50 or the Relative Standard Error (RSE) is > 0.3 or if the state did not collect data for that calendar year.","BRFSS","CLASS03","TOPIC40","02","RACE07","CAT4","CHCOCNC1","RESP046","
,  
(64.84507995700051, -147.72205903599973)"
"2023","AK","Alaska","Chronic Health Indicators","Other Cancer","Ever told you had any other types of cancer?","No","Multiracial, non-Hispanic","Race/Ethnicity","270","91.5","86.5","96.5","388","%","Crude Prevalence",,,"BRFSS","CLASS03","TOPIC40","02","RACE07","CAT4","CHCOCNC1","RESP054","
,  
(64.84507995700051, -147.72205903599973)"
"2023","AK","Alaska","Chronic Health Indicators","Other Cancer","Ever told you had any other types of cancer?","Yes","Hispanic","Race/Ethnicity","6",,,,"389","%","Crude Prevalence","*","Prevalence estimate not available if the unweighted sample size for the denominator was < 50 or the Relative Standard Error (RSE) is > 0.3 or if the state did not collect data for that calendar year.","BRFSS","CLASS03","TOPIC40","02","RACE08","CAT4","CHCOCNC1","RESP046","
,  
(64.84507995700051, -147.72205903599973)"
"2023","AK","Alaska","Chronic Health Indicators","Other Cancer","Ever told you had any other types of cancer?","No","Hispanic","Race/Ethnicity","216","97","94.5","99.5","390","%","Crude Prevalence",,,"BRFSS","CLASS03","TOPIC40","02","RACE08","CAT4","CHCOCNC1","RESP054","
,  
(64.84507995700051, -147.72205903599973)"
"2023","AK","Alaska","Chronic Health Indicators","Other Cancer","Ever told you had any other types of cancer?","Yes","Less than H.S.","Education Attained","19",,,,"391","%","Crude Prevalence","*","Prevalence estimate not available if the unweighted sample size for the denominator was < 50 or the Relative Standard Error (RSE) is > 0.3 or if the state did not collect data for that calendar year.","BRFSS","CLASS03","TOPIC40","02","EDUCA1","CAT5","CHCOCNC1","RESP046","
,  
(64.84507995700051, -147.72205903599973)"
"2023","AK","Alaska","Chronic Health Indicators","Other Cancer","Ever told you had any other types of cancer?","No","Less than H.S.","Education Attained","187","91.8","86.2","97.4","392","%","Crude Prevalence",,,"BRFSS","CLASS03","TOPIC40","02","EDUCA1","CAT5","CHCOCNC1","RESP054","
,  
(64.84507995700051, -147.72205903599973)"
"2023","AK","Alaska","Chronic Health Indicators","Other Cancer","Ever told you had any other types of cancer?","Yes","H.S. or G.E.D.","Education Attained","100","5","3.5","6.4","393","%","Crude Prevalence",,,"BRFSS","CLASS03","TOPIC40","02","EDUCA2","CAT5","CHCOCNC1","RESP046","
,  
(64.84507995700051, -147.72205903599973)"
"2023","AK","Alaska","Chronic Health Indicators","Other Cancer","Ever told you had any other types of cancer?","No","H.S. or G.E.D.","Education Attained","1333","95","93.6","96.5","394","%","Crude Prevalence",,,"BRFSS","CLASS03","TOPIC40","02","EDUCA2","CAT5","CHCOCNC1","RESP054","
,  
(64.84507995700051, -147.72205903599973)"
"2023","AK","Alaska","Chronic Health Indicators","Other Cancer","Ever told you had any other types of cancer?","Yes","Some post-H.S.","Education Attained","188","8.6","7.1","10.1","395","%","Crude Prevalence",,,"BRFSS","CLASS03","TOPIC40","02","EDUCA3","CAT5","CHCOCNC1","RESP046","
,  
(64.84507995700051, -147.72205903599973)"
"2023","AK","Alaska","Chronic Health Indicators","Other Cancer","Ever told you had any other types of cancer?","No","Some post-H.S.","Education Attained","1374","91.4","89.9","92.9","396","%","Crude Prevalence",,,"BRFSS","CLASS03","TOPIC40","02","EDUCA3","CAT5","CHCOCNC1","RESP054","
,  
(64.84507995700051, -147.72205903599973)"
"2023","AK","Alaska","Chronic Health Indicators","Other Cancer","Ever told you had any other types of cancer?","Yes","College graduate","Education Attained","240","7.9","6.6","9.1","397","%","Crude Prevalence",,,"BRFSS","CLASS03","TOPIC40","02","EDUCA4","CAT5","CHCOCNC1","RESP046","
,  
(64.84507995700051, -147.72205903599973)"
"2023","AK","Alaska","Chronic Health Indicators","Other Cancer","Ever told you had any other types of cancer?","No","College graduate","Education Attained","2021","92.1","90.9","93.4","398","%","Crude Prevalence",,,"BRFSS","CLASS03","TOPIC40","02","EDUCA4","CAT5","CHCOCNC1","RESP054","
,  
(64.84507995700051, -147.72205903599973)"
"2023","AK","Alaska","Chronic Health Indicators","Other Cancer","Ever told you had any other types of cancer?","Yes","Less than $15,000","Household Income","14",,,,"399","%","Crude Prevalence","*","Prevalence estimate not available if the unweighted sample size for the denominator was < 50 or the Relative Standard Error (RSE) is > 0.3 or if the state did not collect data for that calendar year.","BRFSS","CLASS03","TOPIC40","02","INCOME01","CAT6","CHCOCNC1","RESP046","
,  
(64.84507995700051, -147.72205903599973)"
"2023","AK","Alaska","Chronic Health Indicators","Other Cancer","Ever told you had any other types of cancer?","No","Less than $15,000","Household Income","190","95.5","92.7","98.3","400","%","Crude Prevalence",,,"BRFSS","CLASS03","TOPIC40","02","INCOME01","CAT6","CHCOCNC1","RESP054","
,  
(64.84507995700051, -147.72205903599973)"
"2023","AK","Alaska","Chronic Health Indicators","Other Cancer","Ever told you had any other types of cancer?","Yes","$15,000-$24,999","Household Income","37","10.3","5.9","14.8","401","%","Crude Prevalence",,,"BRFSS","CLASS03","TOPIC40","02","INCOME02","CAT6","CHCOCNC1","RESP046","
,  
(64.84507995700051, -147.72205903599973)"
"2023","AK","Alaska","Chronic Health Indicators","Other Cancer","Ever told you had any other types of cancer?","No","$15,000-$24,999","Household Income","274","89.7","85.2","94.1","402","%","Crude Prevalence",,,"BRFSS","CLASS03","TOPIC40","02","INCOME02","CAT6","CHCOCNC1","RESP054","
,  
(64.84507995700051, -147.72205903599973)"
"2023","AK","Alaska","Chronic Health Indicators","Other Cancer","Ever told you had any other types of cancer?","Yes","$25,000-$34,999","Household Income","42","6.8","4.1","9.5","403","%","Crude Prevalence",,,"BRFSS","CLASS03","TOPIC40","02","INCOME03","CAT6","CHCOCNC1","RESP046","
,  
(64.84507995700051, -147.72205903599973)"
"2023","AK","Alaska","Chronic Health Indicators","Other Cancer","Ever told you had any other types of cancer?","No","$25,000-$34,999","Household Income","362","93.2","90.5","95.9","404","%","Crude Prevalence",,,"BRFSS","CLASS03","TOPIC40","02","INCOME03","CAT6","CHCOCNC1","RESP054","
,  
(64.84507995700051, -147.72205903599973)"
"2023","AK","Alaska","Chronic Health Indicators","Other Cancer","Ever told you had any other types of cancer?","Yes","$35,000-$49,999","Household Income","59","7.7","4.7","10.6","405","%","Crude Prevalence",,,"BRFSS","CLASS03","TOPIC40","02","INCOME04","CAT6","CHCOCNC1","RESP046","
,  
(64.84507995700051, -147.72205903599973)"
"2023","AK","Alaska","Chronic Health Indicators","Other Cancer","Ever told you had any other types of cancer?","No","$35,000-$49,999","Household Income","449","92.3","89.4","95.3","406","%","Crude Prevalence",,,"BRFSS","CLASS03","TOPIC40","02","INCOME04","CAT6","CHCOCNC1","RESP054","
,  
(64.84507995700051, -147.72205903599973)"
"2023","AK","Alaska","Chronic Health Indicators","Other Cancer","Ever told you had any other types of cancer?","Yes","$50,000-$99,999","Household Income","167","7.2","5.7","8.7","407","%","Crude Prevalence",,,"BRFSS","CLASS03","TOPIC40","02","INCOME05","CAT6","CHCOCNC1","RESP046","
,  
(64.84507995700051, -147.72205903599973)"
"2023","AK","Alaska","Chronic Health Indicators","Other Cancer","Ever told you had any other types of cancer?","No","$50,000-$99,999","Household Income","1392","92.8","91.3","94.3","408","%","Crude Prevalence",,,"BRFSS","CLASS03","TOPIC40","02","INCOME05","CAT6","CHCOCNC1","RESP054","
,  
(64.84507995700051, -147.72205903599973)"
"2023","AK","Alaska","Chronic Health Indicators","Other Cancer","Ever told you had any other types of cancer?","Yes","$100,000-$199,999","Household Income","99","7.2","4.9","9.5","409","%","Crude Prevalence",,,"BRFSS","CLASS03","TOPIC40","02","INCOME06","CAT6","CHCOCNC1","RESP046","
,  
(64.84507995700051, -147.72205903599973)"
"2023","AK","Alaska","Chronic Health Indicators","Other Cancer","Ever told you had any other types of cancer?","No","$100,000-$199,999","Household Income","1075","92.8","90.5","95.1","410","%","Crude Prevalence",,,"BRFSS","CLASS03","TOPIC40","02","INCOME06","CAT6","CHCOCNC1","RESP054","
,  
(64.84507995700051, -147.72205903599973)"
"2023","AK","Alaska","Chronic Health Indicators","Other Cancer","Ever told you had any other types of cancer?","Yes","$200,000+","Household Income","21","4.7","2.3","7","411","%","Crude Prevalence",,,"BRFSS","CLASS03","TOPIC40","02","INCOME07","CAT6","CHCOCNC1","RESP046","
,  
(64.84507995700051, -147.72205903599973)"
"2023","AK","Alaska","Chronic Health Indicators","Other Cancer","Ever told you had any other types of cancer?","No","$200,000+","Household Income","290","95.3","93","97.7","412","%","Crude Prevalence",,,"BRFSS","CLASS03","TOPIC40","02","INCOME07","CAT6","CHCOCNC1","RESP054","
,  
(64.84507995700051, -147.72205903599973)"
"2023","AK","Alaska","Chronic Health Indicators","Skin Cancer","Ever told you had skin cancer?","Yes","Overall","Overall","273","3.4","2.8","3.9","413","%","Crude Prevalence",,,"BRFSS","CLASS03","TOPIC53","02","BO1","CAT1","CHCSCNC1","RESP046","
,  
(64.84507995700051, -147.72205903599973)"
"2023","AK","Alaska","Chronic Health Indicators","Skin Cancer","Ever told you had skin cancer?","No","Overall","Overall","5210","96.6","96.1","97.2","414","%","Crude Prevalence",,,"BRFSS","CLASS03","TOPIC53","02","BO1","CAT1","CHCSCNC1","RESP054","
,  
(64.84507995700051, -147.72205903599973)"
"2023","AK","Alaska","Chronic Health Indicators","Skin Cancer","Ever told you had skin cancer?","Yes","Male","Sex","144","3.4","2.6","4.1","415","%","Crude Prevalence",,,"BRFSS","CLASS03","TOPIC53","02","SEX1","CAT2","CHCSCNC1","RESP046","
,  
(64.84507995700051, -147.72205903599973)"
"2023","AK","Alaska","Chronic Health Indicators","Skin Cancer","Ever told you had skin cancer?","No","Male","Sex","2643","96.6","95.9","97.4","416","%","Crude Prevalence",,,"BRFSS","CLASS03","TOPIC53","02","SEX1","CAT2","CHCSCNC1","RESP054","
,  
(64.84507995700051, -147.72205903599973)"
"2023","AK","Alaska","Chronic Health Indicators","Skin Cancer","Ever told you had skin cancer?","Yes","Female","Sex","129","3.4","2.6","4.2","417","%","Crude Prevalence",,,"BRFSS","CLASS03","TOPIC53","02","SEX2","CAT2","CHCSCNC1","RESP046","
,  
(64.84507995700051, -147.72205903599973)"
"2023","AK","Alaska","Chronic Health Indicators","Skin Cancer","Ever told you had skin cancer?","No","Female","Sex","2567","96.6","95.8","97.4","418","%","Crude Prevalence",,,"BRFSS","CLASS03","TOPIC53","02","SEX2","CAT2","CHCSCNC1","RESP054","
,  
(64.84507995700051, -147.72205903599973)"
"2023","AK","Alaska","Chronic Health Indicators","Skin Cancer","Ever told you had skin cancer?","Yes","18-24","Age Group","1",,,,"419","%","Crude Prevalence","*","Prevalence estimate not available if the unweighted sample size for the denominator was < 50 or the Relative Standard Error (RSE) is > 0.3 or if the state did not collect data for that calendar year.","BRFSS","CLASS03","TOPIC53","02","AGE01","CAT3","CHCSCNC1","RESP046","
,  
(64.84507995700051, -147.72205903599973)"
"2023","AK","Alaska","Chronic Health Indicators","Skin Cancer","Ever told you had skin cancer?","No","18-24","Age Group","337","99.5","98.4","100","420","%","Crude Prevalence",,,"BRFSS","CLASS03","TOPIC53","02","AGE01","CAT3","CHCSCNC1","RESP054","
,  
(64.84507995700051, -147.72205903599973)"
"2023","AK","Alaska","Chronic Health Indicators","Skin Cancer","Ever told you had skin cancer?","Yes","25-34","Age Group","0",,,,"421","%","Crude Prevalence","***","No responses for this data cell","BRFSS","CLASS03","TOPIC53","02","AGE02","CAT3","CHCSCNC1","RESP046","
,  
(64.84507995700051, -147.72205903599973)"
"2023","AK","Alaska","Chronic Health Indicators","Skin Cancer","Ever told you had skin cancer?","No","25-34","Age Group","630","100","100","100","422","%","Crude Prevalence",,,"BRFSS","CLASS03","TOPIC53","02","AGE02","CAT3","CHCSCNC1","RESP054","
,  
(64.84507995700051, -147.72205903599973)"
"2023","AK","Alaska","Chronic Health Indicators","Skin Cancer","Ever told you had skin cancer?","Yes","35-44","Age Group","13",,,,"423","%","Crude Prevalence","*","Prevalence estimate not available if the unweighted sample size for the denominator was < 50 or the Relative Standard Error (RSE) is > 0.3 or if the state did not collect data for that calendar year.","BRFSS","CLASS03","TOPIC53","02","AGE03","CAT3","CHCSCNC1","RESP046","
,  
(64.84507995700051, -147.72205903599973)"
"2023","AK","Alaska","Chronic Health Indicators","Skin Cancer","Ever told you had skin cancer?","No","35-44","Age Group","803","98.5","97.6","99.4","424","%","Crude Prevalence",,,"BRFSS","CLASS03","TOPIC53","02","AGE03","CAT3","CHCSCNC1","RESP054","
,  
(64.84507995700051, -147.72205903599973)"
"2023","AK","Alaska","Chronic Health Indicators","Skin Cancer","Ever told you had skin cancer?","Yes","45-54","Age Group","18","1.8","0.9","2.7","425","%","Crude Prevalence",,,"BRFSS","CLASS03","TOPIC53","02","AGE04","CAT3","CHCSCNC1","RESP046","
,  
(64.84507995700051, -147.72205903599973)"
"2023","AK","Alaska","Chronic Health Indicators","Skin Cancer","Ever told you had skin cancer?","No","45-54","Age Group","827","98.2","97.3","99.1","426","%","Crude Prevalence",,,"BRFSS","CLASS03","TOPIC53","02","AGE04","CAT3","CHCSCNC1","RESP054","
,  
(64.84507995700051, -147.72205903599973)"
"2023","AK","Alaska","Chronic Health Indicators","Skin Cancer","Ever told you had skin cancer?","Yes","55-64","Age Group","49","4.3","2.9","5.8","427","%","Crude Prevalence",,,"BRFSS","CLASS03","TOPIC53","02","AGE05","CAT3","CHCSCNC1","RESP046","
,  
(64.84507995700051, -147.72205903599973)"
"2023","AK","Alaska","Chronic Health Indicators","Skin Cancer","Ever told you had skin cancer?","No","55-64","Age Group","961","95.7","94.2","97.1","428","%","Crude Prevalence",,,"BRFSS","CLASS03","TOPIC53","02","AGE05","CAT3","CHCSCNC1","RESP054","
,  
(64.84507995700051, -147.72205903599973)"
"2023","AK","Alaska","Chronic Health Indicators","Skin Cancer","Ever told you had skin cancer?","Yes","65+","Age Group","192","10.4","8.4","12.4","429","%","Crude Prevalence",,,"BRFSS","CLASS03","TOPIC53","02","AGE09","CAT3","CHCSCNC1","RESP046","
,  
(64.84507995700051, -147.72205903599973)"
"2023","AK","Alaska","Chronic Health Indicators","Skin Cancer","Ever told you had skin cancer?","No","65+","Age Group","1652","89.6","87.6","91.6","430","%","Crude Prevalence",,,"BRFSS","CLASS03","TOPIC53","02","AGE09","CAT3","CHCSCNC1","RESP054","
,  
(64.84507995700051, -147.72205903599973)"
"2023","AK","Alaska","Chronic Health Indicators","Skin Cancer","Ever told you had skin cancer?","Yes","White, non-Hispanic","Race/Ethnicity","243","4.7","3.9","5.5","431","%","Crude Prevalence",,,"BRFSS","CLASS03","TOPIC53","02","RACE01","CAT4","CHCSCNC1","RESP046","
,  
(64.84507995700051, -147.72205903599973)"
"2023","AK","Alaska","Chronic Health Indicators","Skin Cancer","Ever told you had skin cancer?","No","White, non-Hispanic","Race/Ethnicity","3699","95.3","94.5","96.1","432","%","Crude Prevalence",,,"BRFSS","CLASS03","TOPIC53","02","RACE01","CAT4","CHCSCNC1","RESP054","
,  
(64.84507995700051, -147.72205903599973)"
"2023","AK","Alaska","Chronic Health Indicators","Skin Cancer","Ever told you had skin cancer?","Yes","Black, non-Hispanic","Race/Ethnicity","0",,,,"433","%","Crude Prevalence","***","No responses for this data cell","BRFSS","CLASS03","TOPIC53","02","RACE02","CAT4","CHCSCNC1","RESP046","
,  
(64.84507995700051, -147.72205903599973)"
"2023","AK","Alaska","Chronic Health Indicators","Skin Cancer","Ever told you had skin cancer?","No","Black, non-Hispanic","Race/Ethnicity","128","100","100","100","434","%","Crude Prevalence",,,"BRFSS","CLASS03","TOPIC53","02","RACE02","CAT4","CHCSCNC1","RESP054","
,  
(64.84507995700051, -147.72205903599973)"
"2023","AK","Alaska","Chronic Health Indicators","Skin Cancer","Ever told you had skin cancer?","Yes","American Indian or Alaskan Native, non-Hispanic","Race/Ethnicity","14","1.6","0.7","2.4","435","%","Crude Prevalence",,,"BRFSS","CLASS03","TOPIC53","02","RACE03","CAT4","CHCSCNC1","RESP046","
,  
(64.84507995700051, -147.72205903599973)"
"2023","AK","Alaska","Chronic Health Indicators","Skin Cancer","Ever told you had skin cancer?","No","American Indian or Alaskan Native, non-Hispanic","Race/Ethnicity","657","98.4","97.6","99.3","436","%","Crude Prevalence",,,"BRFSS","CLASS03","TOPIC53","02","RACE03","CAT4","CHCSCNC1","RESP054","
,  
(64.84507995700051, -147.72205903599973)"
"2023","AK","Alaska","Chronic Health Indicators","Skin Cancer","Ever told you had skin cancer?","Yes","Asian, non-Hispanic","Race/Ethnicity","0",,,,"437","%","Crude Prevalence","***","No responses for this data cell","BRFSS","CLASS03","TOPIC53","02","RACE04","CAT4","CHCSCNC1","RESP046","
,  
(64.84507995700051, -147.72205903599973)"
"2023","AK","Alaska","Chronic Health Indicators","Skin Cancer","Ever told you had skin cancer?","No","Asian, non-Hispanic","Race/Ethnicity","130","100","100","100","438","%","Crude Prevalence",,,"BRFSS","CLASS03","TOPIC53","02","RACE04","CAT4","CHCSCNC1","RESP054","
,  
(64.84507995700051, -147.72205903599973)"
"2023","AK","Alaska","Chronic Health Indicators","Skin Cancer","Ever told you had skin cancer?","Yes","Native Hawaiian or other Pacific Islander, non-Hispanic","Race/Ethnicity","0",,,,"439","%","Crude Prevalence","***","No responses for this data cell","BRFSS","CLASS03","TOPIC53","02","RACE05","CAT4","CHCSCNC1","RESP046","
,  
(64.84507995700051, -147.72205903599973)"
"2023","AK","Alaska","Chronic Health Indicators","Skin Cancer","Ever told you had skin cancer?","No","Native Hawaiian or other Pacific Islander, non-Hispanic","Race/Ethnicity","35",,,,"440","%","Crude Prevalence","*","Prevalence estimate not available if the unweighted sample size for the denominator was < 50 or the Relative Standard Error (RSE) is > 0.3 or if the state did not collect data for that calendar year.","BRFSS","CLASS03","TOPIC53","02","RACE05","CAT4","CHCSCNC1","RESP054","
,  
(64.84507995700051, -147.72205903599973)"
"2023","AK","Alaska","Chronic Health Indicators","Skin Cancer","Ever told you had skin cancer?","Yes","Other, non-Hispanic","Race/Ethnicity","5",,,,"441","%","Crude Prevalence","*","Prevalence estimate not available if the unweighted sample size for the denominator was < 50 or the Relative Standard Error (RSE) is > 0.3 or if the state did not collect data for that calendar year.","BRFSS","CLASS03","TOPIC53","02","RACE06","CAT4","CHCSCNC1","RESP046","
,  
(64.84507995700051, -147.72205903599973)"
"2023","AK","Alaska","Chronic Health Indicators","Skin Cancer","Ever told you had skin cancer?","No","Other, non-Hispanic","Race/Ethnicity","50","95","88.8","100","442","%","Crude Prevalence",,,"BRFSS","CLASS03","TOPIC53","02","RACE06","CAT4","CHCSCNC1","RESP054","
,  
(64.84507995700051, -147.72205903599973)"
"2023","AK","Alaska","Chronic Health Indicators","Skin Cancer","Ever told you had skin cancer?","Yes","Multiracial, non-Hispanic","Race/Ethnicity","8",,,,"443","%","Crude Prevalence","*","Prevalence estimate not available if the unweighted sample size for the denominator was < 50 or the Relative Standard Error (RSE) is > 0.3 or if the state did not collect data for that calendar year.","BRFSS","CLASS03","TOPIC53","02","RACE07","CAT4","CHCSCNC1","RESP046","
,  
(64.84507995700051, -147.72205903599973)"
"2023","AK","Alaska","Chronic Health Indicators","Skin Cancer","Ever told you had skin cancer?","No","Multiracial, non-Hispanic","Race/Ethnicity","288","97.4","95.2","99.7","444","%","Crude Prevalence",,,"BRFSS","CLASS03","TOPIC53","02","RACE07","CAT4","CHCSCNC1","RESP054","
,  
(64.84507995700051, -147.72205903599973)"
"2023","AK","Alaska","Chronic Health Indicators","Skin Cancer","Ever told you had skin cancer?","Yes","Hispanic","Race/Ethnicity","3",,,,"445","%","Crude Prevalence","*","Prevalence estimate not available if the unweighted sample size for the denominator was < 50 or the Relative Standard Error (RSE) is > 0.3 or if the state did not collect data for that calendar year.","BRFSS","CLASS03","TOPIC53","02","RACE08","CAT4","CHCSCNC1","RESP046","
,  
(64.84507995700051, -147.72205903599973)"
"2023","AK","Alaska","Chronic Health Indicators","Skin Cancer","Ever told you had skin cancer?","No","Hispanic","Race/Ethnicity","220","99.2","98.2","100","446","%","Crude Prevalence",,,"BRFSS","CLASS03","TOPIC53","02","RACE08","CAT4","CHCSCNC1","RESP054","
,  
(64.84507995700051, -147.72205903599973)"
"2023","AK","Alaska","Chronic Health Indicators","Skin Cancer","Ever told you had skin cancer?","Yes","Less than H.S.","Education Attained","9",,,,"447","%","Crude Prevalence","*","Prevalence estimate not available if the unweighted sample size for the denominator was < 50 or the Relative Standard Error (RSE) is > 0.3 or if the state did not collect data for that calendar year.","BRFSS","CLASS03","TOPIC53","02","EDUCA1","CAT5","CHCSCNC1","RESP046","
,  
(64.84507995700051, -147.72205903599973)"
"2023","AK","Alaska","Chronic Health Indicators","Skin Cancer","Ever told you had skin cancer?","No","Less than H.S.","Education Attained","198","97.2","94.7","99.8","448","%","Crude Prevalence",,,"BRFSS","CLASS03","TOPIC53","02","EDUCA1","CAT5","CHCSCNC1","RESP054","
,  
(64.84507995700051, -147.72205903599973)"
"2023","AK","Alaska","Chronic Health Indicators","Skin Cancer","Ever told you had skin cancer?","Yes","H.S. or G.E.D.","Education Attained","31","1.2","0.6","1.9","449","%","Crude Prevalence",,,"BRFSS","CLASS03","TOPIC53","02","EDUCA2","CAT5","CHCSCNC1","RESP046","
,  
(64.84507995700051, -147.72205903599973)"
"2023","AK","Alaska","Chronic Health Indicators","Skin Cancer","Ever told you had skin cancer?","No","H.S. or G.E.D.","Education Attained","1401","98.8","98.1","99.4","450","%","Crude Prevalence",,,"BRFSS","CLASS03","TOPIC53","02","EDUCA2","CAT5","CHCSCNC1","RESP054","
,  
(64.84507995700051, -147.72205903599973)"
"2023","AK","Alaska","Chronic Health Indicators","Skin Cancer","Ever told you had skin cancer?","Yes","Some post-H.S.","Education Attained","86","3.9","2.9","4.9","451","%","Crude Prevalence",,,"BRFSS","CLASS03","TOPIC53","02","EDUCA3","CAT5","CHCSCNC1","RESP046","
,  
(64.84507995700051, -147.72205903599973)"
"2023","AK","Alaska","Chronic Health Indicators","Skin Cancer","Ever told you had skin cancer?","No","Some post-H.S.","Education Attained","1470","96.1","95.1","97.1","452","%","Crude Prevalence",,,"BRFSS","CLASS03","TOPIC53","02","EDUCA3","CAT5","CHCSCNC1","RESP054","
,  
(64.84507995700051, -147.72205903599973)"
"2023","AK","Alaska","Chronic Health Indicators","Skin Cancer","Ever told you had skin cancer?","Yes","College graduate","Education Attained","146","5.2","4.1","6.2","453","%","Crude Prevalence",,,"BRFSS","CLASS03","TOPIC53","02","EDUCA4","CAT5","CHCSCNC1","RESP046","
,  
(64.84507995700051, -147.72205903599973)"
"2023","AK","Alaska","Chronic Health Indicators","Skin Cancer","Ever told you had skin cancer?","No","College graduate","Education Attained","2109","94.8","93.8","95.9","454","%","Crude Prevalence",,,"BRFSS","CLASS03","TOPIC53","02","EDUCA4","CAT5","CHCSCNC1","RESP054","
,  
(64.84507995700051, -147.72205903599973)"
"2023","AK","Alaska","Chronic Health Indicators","Skin Cancer","Ever told you had skin cancer?","Yes","Less than $15,000","Household Income","3",,,,"455","%","Crude Prevalence","*","Prevalence estimate not available if the unweighted sample size for the denominator was < 50 or the Relative Standard Error (RSE) is > 0.3 or if the state did not collect data for that calendar year.","BRFSS","CLASS03","TOPIC53","02","INCOME01","CAT6","CHCSCNC1","RESP046","
,  
(64.84507995700051, -147.72205903599973)"
"2023","AK","Alaska","Chronic Health Indicators","Skin Cancer","Ever told you had skin cancer?","No","Less than $15,000","Household Income","200","98.7","97.2","100","456","%","Crude Prevalence",,,"BRFSS","CLASS03","TOPIC53","02","INCOME01","CAT6","CHCSCNC1","RESP054","
,  
(64.84507995700051, -147.72205903599973)"
"2023","AK","Alaska","Chronic Health Indicators","Skin Cancer","Ever told you had skin cancer?","Yes","$15,000-$24,999","Household Income","13",,,,"457","%","Crude Prevalence","*","Prevalence estimate not available if the unweighted sample size for the denominator was < 50 or the Relative Standard Error (RSE) is > 0.3 or if the state did not collect data for that calendar year.","BRFSS","CLASS03","TOPIC53","02","INCOME02","CAT6","CHCSCNC1","RESP046","
,  
(64.84507995700051, -147.72205903599973)"
"2023","AK","Alaska","Chronic Health Indicators","Skin Cancer","Ever told you had skin cancer?","No","$15,000-$24,999","Household Income","295","98.4","97.2","99.5","458","%","Crude Prevalence",,,"BRFSS","CLASS03","TOPIC53","02","INCOME02","CAT6","CHCSCNC1","RESP054","
,  
(64.84507995700051, -147.72205903599973)"
"2023","AK","Alaska","Chronic Health Indicators","Skin Cancer","Ever told you had skin cancer?","Yes","$25,000-$34,999","Household Income","22",,,,"459","%","Crude Prevalence","*","Prevalence estimate not available if the unweighted sample size for the denominator was < 50 or the Relative Standard Error (RSE) is > 0.3 or if the state did not collect data for that calendar year.","BRFSS","CLASS03","TOPIC53","02","INCOME03","CAT6","CHCSCNC1","RESP046","
,  
(64.84507995700051, -147.72205903599973)"
"2023","AK","Alaska","Chronic Health Indicators","Skin Cancer","Ever told you had skin cancer?","No","$25,000-$34,999","Household Income","382","95.8","93.2","98.3","460","%","Crude Prevalence",,,"BRFSS","CLASS03","TOPIC53","02","INCOME03","CAT6","CHCSCNC1","RESP054","
,  
(64.84507995700051, -147.72205903599973)"
"2023","AK","Alaska","Chronic Health Indicators","Skin Cancer","Ever told you had skin cancer?","Yes","$35,000-$49,999","Household Income","24","3","1.5","4.6","461","%","Crude Prevalence",,,"BRFSS","CLASS03","TOPIC53","02","INCOME04","CAT6","CHCSCNC1","RESP046","
,  
(64.84507995700051, -147.72205903599973)"
"2023","AK","Alaska","Chronic Health Indicators","Skin Cancer","Ever told you had skin cancer?","No","$35,000-$49,999","Household Income","484","97","95.4","98.5","462","%","Crude Prevalence",,,"BRFSS","CLASS03","TOPIC53","02","INCOME04","CAT6","CHCSCNC1","RESP054","
,  
(64.84507995700051, -147.72205903599973)"
"2023","AK","Alaska","Chronic Health Indicators","Skin Cancer","Ever told you had skin cancer?","Yes","$50,000-$99,999","Household Income","79","3.6","2.6","4.6","463","%","Crude Prevalence",,,"BRFSS","CLASS03","TOPIC53","02","INCOME05","CAT6","CHCSCNC1","RESP046","
,  
(64.84507995700051, -147.72205903599973)"
"2023","AK","Alaska","Chronic Health Indicators","Skin Cancer","Ever told you had skin cancer?","No","$50,000-$99,999","Household Income","1480","96.4","95.4","97.4","464","%","Crude Prevalence",,,"BRFSS","CLASS03","TOPIC53","02","INCOME05","CAT6","CHCSCNC1","RESP054","
,  
(64.84507995700051, -147.72205903599973)"
"2023","AK","Alaska","Chronic Health Indicators","Skin Cancer","Ever told you had skin cancer?","Yes","$100,000-$199,999","Household Income","62","3.6","2.3","4.9","465","%","Crude Prevalence",,,"BRFSS","CLASS03","TOPIC53","02","INCOME06","CAT6","CHCSCNC1","RESP046","
,  
(64.84507995700051, -147.72205903599973)"
"2023","AK","Alaska","Chronic Health Indicators","Skin Cancer","Ever told you had skin cancer?","No","$100,000-$199,999","Household Income","1109","96.4","95.1","97.7","466","%","Crude Prevalence",,,"BRFSS","CLASS03","TOPIC53","02","INCOME06","CAT6","CHCSCNC1","RESP054","
,  
(64.84507995700051, -147.72205903599973)"
"2023","AK","Alaska","Chronic Health Indicators","Skin Cancer","Ever told you had skin cancer?","Yes","$200,000+","Household Income","14","3.8","1.6","6","467","%","Crude Prevalence",,,"BRFSS","CLASS03","TOPIC53","02","INCOME07","CAT6","CHCSCNC1","RESP046","
,  
(64.84507995700051, -147.72205903599973)"
"2023","AK","Alaska","Chronic Health Indicators","Skin Cancer","Ever told you had skin cancer?","No","$200,000+","Household Income","297","96.2","94","98.4","468","%","Crude Prevalence",,,"BRFSS","CLASS03","TOPIC53","02","INCOME07","CAT6","CHCSCNC1","RESP054","
,  
(64.84507995700051, -147.72205903599973)"
"2023","AK","Alaska","Health Care Access/Coverage","Last Checkup","About how long has it been since you last visited a doctor for a routine checkup?","Within the past year","Overall","Overall","4006","72.2","70.5","73.9","469","%","Crude Prevalence",,,"BRFSS","CLASS07","TOPIC36","02","BO1","CAT1","CHECKUP1","RESP063","
,  
(64.84507995700051, -147.72205903599973)"
"2023","AK","Alaska","Health Care Access/Coverage","Last Checkup","About how long has it been since you last visited a doctor for a routine checkup?","Within the past 2 years","Overall","Overall","572","11","9.8","12.1","470","%","Crude Prevalence",,,"BRFSS","CLASS07","TOPIC36","02","BO1","CAT1","CHECKUP1","RESP064","
,  
(64.84507995700051, -147.72205903599973)"
"2023","AK","Alaska","Health Care Access/Coverage","Last Checkup","About how long has it been since you last visited a doctor for a routine checkup?","Within the past 5 years","Overall","Overall","402","7.7","6.7","8.6","471","%","Crude Prevalence",,,"BRFSS","CLASS07","TOPIC36","02","BO1","CAT1","CHECKUP1","RESP065","
,  
(64.84507995700051, -147.72205903599973)"
"2023","AK","Alaska","Health Care Access/Coverage","Last Checkup","About how long has it been since you last visited a doctor for a routine checkup?","5 or more years ago","Overall","Overall","379","7.9","6.8","9","472","%","Crude Prevalence",,,"BRFSS","CLASS07","TOPIC36","02","BO1","CAT1","CHECKUP1","RESP066","
,  
(64.84507995700051, -147.72205903599973)"
"2023","AK","Alaska","Health Care Access/Coverage","Last Checkup","About how long has it been since you last visited a doctor for a routine checkup?","Never","Overall","Overall","57","1.3","0.9","1.7","473","%","Crude Prevalence",,,"BRFSS","CLASS07","TOPIC36","02","BO1","CAT1","CHECKUP1","RESP067","
,  
(64.84507995700051, -147.72205903599973)"
"2023","AK","Alaska","Health Care Access/Coverage","Last Checkup","About how long has it been since you last visited a doctor for a routine checkup?","Within the past year","Male","Sex","1936","68.1","65.6","70.5","474","%","Crude Prevalence",,,"BRFSS","CLASS07","TOPIC36","02","SEX1","CAT2","CHECKUP1","RESP063","
,  
(64.84507995700051, -147.72205903599973)"
"2023","AK","Alaska","Health Care Access/Coverage","Last Checkup","About how long has it been since you last visited a doctor for a routine checkup?","Within the past 2 years","Male","Sex","299","11.5","9.8","13.1","475","%","Crude Prevalence",,,"BRFSS","CLASS07","TOPIC36","02","SEX1","CAT2","CHECKUP1","RESP064","
,  
(64.84507995700051, -147.72205903599973)"
"2023","AK","Alaska","Health Care Access/Coverage","Last Checkup","About how long has it been since you last visited a doctor for a routine checkup?","Within the past 5 years","Male","Sex","232","9","7.6","10.5","476","%","Crude Prevalence",,,"BRFSS","CLASS07","TOPIC36","02","SEX1","CAT2","CHECKUP1","RESP065","
,  
(64.84507995700051, -147.72205903599973)"
"2023","AK","Alaska","Health Care Access/Coverage","Last Checkup","About how long has it been since you last visited a doctor for a routine checkup?","5 or more years ago","Male","Sex","241","9.7","8.1","11.3","477","%","Crude Prevalence",,,"BRFSS","CLASS07","TOPIC36","02","SEX1","CAT2","CHECKUP1","RESP066","
,  
(64.84507995700051, -147.72205903599973)"
"2023","AK","Alaska","Health Care Access/Coverage","Last Checkup","About how long has it been since you last visited a doctor for a routine checkup?","Never","Male","Sex","39","1.7","1.1","2.4","478","%","Crude Prevalence",,,"BRFSS","CLASS07","TOPIC36","02","SEX1","CAT2","CHECKUP1","RESP067","
,  
(64.84507995700051, -147.72205903599973)"
"2023","AK","Alaska","Health Care Access/Coverage","Last Checkup","About how long has it been since you last visited a doctor for a routine checkup?","Within the past year","Female","Sex","2070","76.6","74.3","78.9","479","%","Crude Prevalence",,,"BRFSS","CLASS07","TOPIC36","02","SEX2","CAT2","CHECKUP1","RESP063","
,  
(64.84507995700051, -147.72205903599973)"
"2023","AK","Alaska","Health Care Access/Coverage","Last Checkup","About how long has it been since you last visited a doctor for a routine checkup?","Within the past 2 years","Female","Sex","273","10.4","8.8","12","480","%","Crude Prevalence",,,"BRFSS","CLASS07","TOPIC36","02","SEX2","CAT2","CHECKUP1","RESP064","
,  
(64.84507995700051, -147.72205903599973)"
"2023","AK","Alaska","Health Care Access/Coverage","Last Checkup","About how long has it been since you last visited a doctor for a routine checkup?","Within the past 5 years","Female","Sex","170","6.2","4.9","7.4","481","%","Crude Prevalence",,,"BRFSS","CLASS07","TOPIC36","02","SEX2","CAT2","CHECKUP1","RESP065","
,  
(64.84507995700051, -147.72205903599973)"
"2023","AK","Alaska","Health Care Access/Coverage","Last Checkup","About how long has it been since you last visited a doctor for a routine checkup?","5 or more years ago","Female","Sex","138","5.9","4.5","7.3","482","%","Crude Prevalence",,,"BRFSS","CLASS07","TOPIC36","02","SEX2","CAT2","CHECKUP1","RESP066","
,  
(64.84507995700051, -147.72205903599973)"
"2023","AK","Alaska","Health Care Access/Coverage","Last Checkup","About how long has it been since you last visited a doctor for a routine checkup?","Never","Female","Sex","18","0.9","0.4","1.4","483","%","Crude Prevalence",,,"BRFSS","CLASS07","TOPIC36","02","SEX2","CAT2","CHECKUP1","RESP067","
,  
(64.84507995700051, -147.72205903599973)"
"2023","AK","Alaska","Health Care Access/Coverage","Last Checkup","About how long has it been since you last visited a doctor for a routine checkup?","Within the past year","18-24","Age Group","192","64.1","57.9","70.4","484","%","Crude Prevalence",,,"BRFSS","CLASS07","TOPIC36","02","AGE01","CAT3","CHECKUP1","RESP063","
,  
(64.84507995700051, -147.72205903599973)"
"2023","AK","Alaska","Health Care Access/Coverage","Last Checkup","About how long has it been since you last visited a doctor for a routine checkup?","Within the past 2 years","18-24","Age Group","50","15.1","10.5","19.7","485","%","Crude Prevalence",,,"BRFSS","CLASS07","TOPIC36","02","AGE01","CAT3","CHECKUP1","RESP064","
,  
(64.84507995700051, -147.72205903599973)"
"2023","AK","Alaska","Health Care Access/Coverage","Last Checkup","About how long has it been since you last visited a doctor for a routine checkup?","Within the past 5 years","18-24","Age Group","45","12.9","8.5","17.4","486","%","Crude Prevalence",,,"BRFSS","CLASS07","TOPIC36","02","AGE01","CAT3","CHECKUP1","RESP065","
,  
(64.84507995700051, -147.72205903599973)"
"2023","AK","Alaska","Health Care Access/Coverage","Last Checkup","About how long has it been since you last visited a doctor for a routine checkup?","5 or more years ago","18-24","Age Group","25","6.7","3.7","9.8","487","%","Crude Prevalence",,,"BRFSS","CLASS07","TOPIC36","02","AGE01","CAT3","CHECKUP1","RESP066","
,  
(64.84507995700051, -147.72205903599973)"
"2023","AK","Alaska","Health Care Access/Coverage","Last Checkup","About how long has it been since you last visited a doctor for a routine checkup?","Never","18-24","Age Group","5",,,,"488","%","Crude Prevalence","*","Prevalence estimate not available if the unweighted sample size for the denominator was < 50 or the Relative Standard Error (RSE) is > 0.3 or if the state did not collect data for that calendar year.","BRFSS","CLASS07","TOPIC36","02","AGE01","CAT3","CHECKUP1","RESP067","
,  
(64.84507995700051, -147.72205903599973)"
"2023","AK","Alaska","Health Care Access/Coverage","Last Checkup","About how long has it been since you last visited a doctor for a routine checkup?","Within the past year","25-34","Age Group","369","61.9","57.1","66.6","489","%","Crude Prevalence",,,"BRFSS","CLASS07","TOPIC36","02","AGE02","CAT3","CHECKUP1","RESP063","
,  
(64.84507995700051, -147.72205903599973)"
"2023","AK","Alaska","Health Care Access/Coverage","Last Checkup","About how long has it been since you last visited a doctor for a routine checkup?","Within the past 2 years","25-34","Age Group","85","13.1","9.8","16.3","490","%","Crude Prevalence",,,"BRFSS","CLASS07","TOPIC36","02","AGE02","CAT3","CHECKUP1","RESP064","
,  
(64.84507995700051, -147.72205903599973)"
"2023","AK","Alaska","Health Care Access/Coverage","Last Checkup","About how long has it been since you last visited a doctor for a routine checkup?","Within the past 5 years","25-34","Age Group","71","10.1","7.5","12.6","491","%","Crude Prevalence",,,"BRFSS","CLASS07","TOPIC36","02","AGE02","CAT3","CHECKUP1","RESP065","
,  
(64.84507995700051, -147.72205903599973)"
"2023","AK","Alaska","Health Care Access/Coverage","Last Checkup","About how long has it been since you last visited a doctor for a routine checkup?","5 or more years ago","25-34","Age Group","66","12.2","8.6","15.7","492","%","Crude Prevalence",,,"BRFSS","CLASS07","TOPIC36","02","AGE02","CAT3","CHECKUP1","RESP066","
,  
(64.84507995700051, -147.72205903599973)"
"2023","AK","Alaska","Health Care Access/Coverage","Last Checkup","About how long has it been since you last visited a doctor for a routine checkup?","Never","25-34","Age Group","18","2.8","1.4","4.2","493","%","Crude Prevalence",,,"BRFSS","CLASS07","TOPIC36","02","AGE02","CAT3","CHECKUP1","RESP067","
,  
(64.84507995700051, -147.72205903599973)"
"2023","AK","Alaska","Health Care Access/Coverage","Last Checkup","About how long has it been since you last visited a doctor for a routine checkup?","Within the past year","35-44","Age Group","512","66.1","62","70.2","494","%","Crude Prevalence",,,"BRFSS","CLASS07","TOPIC36","02","AGE03","CAT3","CHECKUP1","RESP063","
,  
(64.84507995700051, -147.72205903599973)"
"2023","AK","Alaska","Health Care Access/Coverage","Last Checkup","About how long has it been since you last visited a doctor for a routine checkup?","Within the past 2 years","35-44","Age Group","115","12.3","9.8","14.9","495","%","Crude Prevalence",,,"BRFSS","CLASS07","TOPIC36","02","AGE03","CAT3","CHECKUP1","RESP064","
,  
(64.84507995700051, -147.72205903599973)"
"2023","AK","Alaska","Health Care Access/Coverage","Last Checkup","About how long has it been since you last visited a doctor for a routine checkup?","Within the past 5 years","35-44","Age Group","79","8","5.9","10","496","%","Crude Prevalence",,,"BRFSS","CLASS07","TOPIC36","02","AGE03","CAT3","CHECKUP1","RESP065","
,  
(64.84507995700051, -147.72205903599973)"
"2023","AK","Alaska","Health Care Access/Coverage","Last Checkup","About how long has it been since you last visited a doctor for a routine checkup?","5 or more years ago","35-44","Age Group","90","11.9","8.7","15.1","497","%","Crude Prevalence",,,"BRFSS","CLASS07","TOPIC36","02","AGE03","CAT3","CHECKUP1","RESP066","
,  
(64.84507995700051, -147.72205903599973)"
"2023","AK","Alaska","Health Care Access/Coverage","Last Checkup","About how long has it been since you last visited a doctor for a routine checkup?","Never","35-44","Age Group","10",,,,"498","%","Crude Prevalence","*","Prevalence estimate not available if the unweighted sample size for the denominator was < 50 or the Relative Standard Error (RSE) is > 0.3 or if the state did not collect data for that calendar year.","BRFSS","CLASS07","TOPIC36","02","AGE03","CAT3","CHECKUP1","RESP067","
,  
(64.84507995700051, -147.72205903599973)"
"2023","AK","Alaska","Health Care Access/Coverage","Last Checkup","About how long has it been since you last visited a doctor for a routine checkup?","Within the past year","45-54","Age Group","610","74.5","70.7","78.4","499","%","Crude Prevalence",,,"BRFSS","CLASS07","TOPIC36","02","AGE04","CAT3","CHECKUP1","RESP063","
,  
(64.84507995700051, -147.72205903599973)"
"2023","AK","Alaska","Health Care Access/Coverage","Last Checkup","About how long has it been since you last visited a doctor for a routine checkup?","Within the past 2 years","45-54","Age Group","81","9.1","6.6","11.7","500","%","Crude Prevalence",,,"BRFSS","CLASS07","TOPIC36","02","AGE04","CAT3","CHECKUP1","RESP064","
,  
(64.84507995700051, -147.72205903599973)"
"2023","AK","Alaska","Health Care Access/Coverage","Last Checkup","About how long has it been since you last visited a doctor for a routine checkup?","Within the past 5 years","45-54","Age Group","71","8","5.6","10.5","501","%","Crude Prevalence",,,"BRFSS","CLASS07","TOPIC36","02","AGE04","CAT3","CHECKUP1","RESP065","
,  
(64.84507995700051, -147.72205903599973)"
"2023","AK","Alaska","Health Care Access/Coverage","Last Checkup","About how long has it been since you last visited a doctor for a routine checkup?","5 or more years ago","45-54","Age Group","66","6.9","4.7","9","502","%","Crude Prevalence",,,"BRFSS","CLASS07","TOPIC36","02","AGE04","CAT3","CHECKUP1","RESP066","
,  
(64.84507995700051, -147.72205903599973)"
"2023","AK","Alaska","Health Care Access/Coverage","Last Checkup","About how long has it been since you last visited a doctor for a routine checkup?","Never","45-54","Age Group","10",,,,"503","%","Crude Prevalence","*","Prevalence estimate not available if the unweighted sample size for the denominator was < 50 or the Relative Standard Error (RSE) is > 0.3 or if the state did not collect data for that calendar year.","BRFSS","CLASS07","TOPIC36","02","AGE04","CAT3","CHECKUP1","RESP067","
,  
(64.84507995700051, -147.72205903599973)"
"2023","AK","Alaska","Health Care Access/Coverage","Last Checkup","About how long has it been since you last visited a doctor for a routine checkup?","Within the past year","55-64","Age Group","782","80.1","76.9","83.3","504","%","Crude Prevalence",,,"BRFSS","CLASS07","TOPIC36","02","AGE05","CAT3","CHECKUP1","RESP063","
,  
(64.84507995700051, -147.72205903599973)"
"2023","AK","Alaska","Health Care Access/Coverage","Last Checkup","About how long has it been since you last visited a doctor for a routine checkup?","Within the past 2 years","55-64","Age Group","101","9","6.8","11.2","505","%","Crude Prevalence",,,"BRFSS","CLASS07","TOPIC36","02","AGE05","CAT3","CHECKUP1","RESP064","
,  
(64.84507995700051, -147.72205903599973)"
"2023","AK","Alaska","Health Care Access/Coverage","Last Checkup","About how long has it been since you last visited a doctor for a routine checkup?","Within the past 5 years","55-64","Age Group","66","6.1","4.1","8","506","%","Crude Prevalence",,,"BRFSS","CLASS07","TOPIC36","02","AGE05","CAT3","CHECKUP1","RESP065","
,  
(64.84507995700051, -147.72205903599973)"
"2023","AK","Alaska","Health Care Access/Coverage","Last Checkup","About how long has it been since you last visited a doctor for a routine checkup?","5 or more years ago","55-64","Age Group","56","4.6","3","6.2","507","%","Crude Prevalence",,,"BRFSS","CLASS07","TOPIC36","02","AGE05","CAT3","CHECKUP1","RESP066","
,  
(64.84507995700051, -147.72205903599973)"
"2023","AK","Alaska","Health Care Access/Coverage","Last Checkup","About how long has it been since you last visited a doctor for a routine checkup?","Never","55-64","Age Group","4",,,,"508","%","Crude Prevalence","*","Prevalence estimate not available if the unweighted sample size for the denominator was < 50 or the Relative Standard Error (RSE) is > 0.3 or if the state did not collect data for that calendar year.","BRFSS","CLASS07","TOPIC36","02","AGE05","CAT3","CHECKUP1","RESP067","
,  
(64.84507995700051, -147.72205903599973)"
"2023","AK","Alaska","Health Care Access/Coverage","Last Checkup","About how long has it been since you last visited a doctor for a routine checkup?","Within the past year","65+","Age Group","1541","83.8","81.4","86.3","509","%","Crude Prevalence",,,"BRFSS","CLASS07","TOPIC36","02","AGE09","CAT3","CHECKUP1","RESP063","
,  
(64.84507995700051, -147.72205903599973)"
"2023","AK","Alaska","Health Care Access/Coverage","Last Checkup","About how long has it been since you last visited a doctor for a routine checkup?","Within the past 2 years","65+","Age Group","140","8.3","6.4","10.1","510","%","Crude Prevalence",,,"BRFSS","CLASS07","TOPIC36","02","AGE09","CAT3","CHECKUP1","RESP064","
,  
(64.84507995700051, -147.72205903599973)"
"2023","AK","Alaska","Health Care Access/Coverage","Last Checkup","About how long has it been since you last visited a doctor for a routine checkup?","Within the past 5 years","65+","Age Group","70","3","2","4.1","511","%","Crude Prevalence",,,"BRFSS","CLASS07","TOPIC36","02","AGE09","CAT3","CHECKUP1","RESP065","
,  
(64.84507995700051, -147.72205903599973)"
"2023","AK","Alaska","Health Care Access/Coverage","Last Checkup","About how long has it been since you last visited a doctor for a routine checkup?","5 or more years ago","65+","Age Group","76","4.4","2.9","5.8","512","%","Crude Prevalence",,,"BRFSS","CLASS07","TOPIC36","02","AGE09","CAT3","CHECKUP1","RESP066","
,  
(64.84507995700051, -147.72205903599973)"
"2023","AK","Alaska","Health Care Access/Coverage","Last Checkup","About how long has it been since you last visited a doctor for a routine checkup?","Never","65+","Age Group","10",,,,"513","%","Crude Prevalence","*","Prevalence estimate not available if the unweighted sample size for the denominator was < 50 or the Relative Standard Error (RSE) is > 0.3 or if the state did not collect data for that calendar year.","BRFSS","CLASS07","TOPIC36","02","AGE09","CAT3","CHECKUP1","RESP067","
,  
(64.84507995700051, -147.72205903599973)"
"2023","AK","Alaska","Health Care Access/Coverage","Last Checkup","About how long has it been since you last visited a doctor for a routine checkup?","Within the past year","White, non-Hispanic","Race/Ethnicity","2926","72.6","70.7","74.5","514","%","Crude Prevalence",,,"BRFSS","CLASS07","TOPIC36","02","RACE01","CAT4","CHECKUP1","RESP063","
,  
(64.84507995700051, -147.72205903599973)"
"2023","AK","Alaska","Health Care Access/Coverage","Last Checkup","About how long has it been since you last visited a doctor for a routine checkup?","Within the past 2 years","White, non-Hispanic","Race/Ethnicity","402","10.9","9.5","12.2","515","%","Crude Prevalence",,,"BRFSS","CLASS07","TOPIC36","02","RACE01","CAT4","CHECKUP1","RESP064","
,  
(64.84507995700051, -147.72205903599973)"
"2023","AK","Alaska","Health Care Access/Coverage","Last Checkup","About how long has it been since you last visited a doctor for a routine checkup?","Within the past 5 years","White, non-Hispanic","Race/Ethnicity","278","7.3","6.2","8.4","516","%","Crude Prevalence",,,"BRFSS","CLASS07","TOPIC36","02","RACE01","CAT4","CHECKUP1","RESP065","
,  
(64.84507995700051, -147.72205903599973)"
"2023","AK","Alaska","Health Care Access/Coverage","Last Checkup","About how long has it been since you last visited a doctor for a routine checkup?","5 or more years ago","White, non-Hispanic","Race/Ethnicity","272","7.8","6.6","9","517","%","Crude Prevalence",,,"BRFSS","CLASS07","TOPIC36","02","RACE01","CAT4","CHECKUP1","RESP066","
,  
(64.84507995700051, -147.72205903599973)"
"2023","AK","Alaska","Health Care Access/Coverage","Last Checkup","About how long has it been since you last visited a doctor for a routine checkup?","Never","White, non-Hispanic","Race/Ethnicity","37","1.4","0.9","2","518","%","Crude Prevalence",,,"BRFSS","CLASS07","TOPIC36","02","RACE01","CAT4","CHECKUP1","RESP067","
,  
(64.84507995700051, -147.72205903599973)"
"2023","AK","Alaska","Health Care Access/Coverage","Last Checkup","About how long has it been since you last visited a doctor for a routine checkup?","Within the past year","Black, non-Hispanic","Race/Ethnicity","97","76.9","67.7","86.2","519","%","Crude Prevalence",,,"BRFSS","CLASS07","TOPIC36","02","RACE02","CAT4","CHECKUP1","RESP063","
,  
(64.84507995700051, -147.72205903599973)"
"2023","AK","Alaska","Health Care Access/Coverage","Last Checkup","About how long has it been since you last visited a doctor for a routine checkup?","Within the past 2 years","Black, non-Hispanic","Race/Ethnicity","14",,,,"520","%","Crude Prevalence","*","Prevalence estimate not available if the unweighted sample size for the denominator was < 50 or the Relative Standard Error (RSE) is > 0.3 or if the state did not collect data for that calendar year.","BRFSS","CLASS07","TOPIC36","02","RACE02","CAT4","CHECKUP1","RESP064","
,  
(64.84507995700051, -147.72205903599973)"
"2023","AK","Alaska","Health Care Access/Coverage","Last Checkup","About how long has it been since you last visited a doctor for a routine checkup?","Within the past 5 years","Black, non-Hispanic","Race/Ethnicity","9",,,,"521","%","Crude Prevalence","*","Prevalence estimate not available if the unweighted sample size for the denominator was < 50 or the Relative Standard Error (RSE) is > 0.3 or if the state did not collect data for that calendar year.","BRFSS","CLASS07","TOPIC36","02","RACE02","CAT4","CHECKUP1","RESP065","
,  
(64.84507995700051, -147.72205903599973)"
"2023","AK","Alaska","Health Care Access/Coverage","Last Checkup","About how long has it been since you last visited a doctor for a routine checkup?","5 or more years ago","Black, non-Hispanic","Race/Ethnicity","5",,,,"522","%","Crude Prevalence","*","Prevalence estimate not available if the unweighted sample size for the denominator was < 50 or the Relative Standard Error (RSE) is > 0.3 or if the state did not collect data for that calendar year.","BRFSS","CLASS07","TOPIC36","02","RACE02","CAT4","CHECKUP1","RESP066","
,  
(64.84507995700051, -147.72205903599973)"
"2023","AK","Alaska","Health Care Access/Coverage","Last Checkup","About how long has it been since you last visited a doctor for a routine checkup?","Never","Black, non-Hispanic","Race/Ethnicity","2",,,,"523","%","Crude Prevalence","*","Prevalence estimate not available if the unweighted sample size for the denominator was < 50 or the Relative Standard Error (RSE) is > 0.3 or if the state did not collect data for that calendar year.","BRFSS","CLASS07","TOPIC36","02","RACE02","CAT4","CHECKUP1","RESP067","
,  
(64.84507995700051, -147.72205903599973)"
"2023","AK","Alaska","Health Care Access/Coverage","Last Checkup","About how long has it been since you last visited a doctor for a routine checkup?","Within the past year","American Indian or Alaskan Native, non-Hispanic","Race/Ethnicity","457","70.4","65.5","75.2","524","%","Crude Prevalence",,,"BRFSS","CLASS07","TOPIC36","02","RACE03","CAT4","CHECKUP1","RESP063","
,  
(64.84507995700051, -147.72205903599973)"
"2023","AK","Alaska","Health Care Access/Coverage","Last Checkup","About how long has it been since you last visited a doctor for a routine checkup?","Within the past 2 years","American Indian or Alaskan Native, non-Hispanic","Race/Ethnicity","77","12.8","9.4","16.3","525","%","Crude Prevalence",,,"BRFSS","CLASS07","TOPIC36","02","RACE03","CAT4","CHECKUP1","RESP064","
,  
(64.84507995700051, -147.72205903599973)"
"2023","AK","Alaska","Health Care Access/Coverage","Last Checkup","About how long has it been since you last visited a doctor for a routine checkup?","Within the past 5 years","American Indian or Alaskan Native, non-Hispanic","Race/Ethnicity","59","9.4","6.1","12.7","526","%","Crude Prevalence",,,"BRFSS","CLASS07","TOPIC36","02","RACE03","CAT4","CHECKUP1","RESP065","
,  
(64.84507995700051, -147.72205903599973)"
"2023","AK","Alaska","Health Care Access/Coverage","Last Checkup","About how long has it been since you last visited a doctor for a routine checkup?","5 or more years ago","American Indian or Alaskan Native, non-Hispanic","Race/Ethnicity","44","6.1","3.8","8.4","527","%","Crude Prevalence",,,"BRFSS","CLASS07","TOPIC36","02","RACE03","CAT4","CHECKUP1","RESP066","
,  
(64.84507995700051, -147.72205903599973)"
"2023","AK","Alaska","Health Care Access/Coverage","Last Checkup","About how long has it been since you last visited a doctor for a routine checkup?","Never","American Indian or Alaskan Native, non-Hispanic","Race/Ethnicity","10",,,,"528","%","Crude Prevalence","*","Prevalence estimate not available if the unweighted sample size for the denominator was < 50 or the Relative Standard Error (RSE) is > 0.3 or if the state did not collect data for that calendar year.","BRFSS","CLASS07","TOPIC36","02","RACE03","CAT4","CHECKUP1","RESP067","
,  
(64.84507995700051, -147.72205903599973)"
"2023","AK","Alaska","Health Care Access/Coverage","Last Checkup","About how long has it been since you last visited a doctor for a routine checkup?","Within the past year","Asian, non-Hispanic","Race/Ethnicity","86","68.3","58.3","78.2","529","%","Crude Prevalence",,,"BRFSS","CLASS07","TOPIC36","02","RACE04","CAT4","CHECKUP1","RESP063","
,  
(64.84507995700051, -147.72205903599973)"
"2023","AK","Alaska","Health Care Access/Coverage","Last Checkup","About how long has it been since you last visited a doctor for a routine checkup?","Within the past 2 years","Asian, non-Hispanic","Race/Ethnicity","13",,,,"530","%","Crude Prevalence","*","Prevalence estimate not available if the unweighted sample size for the denominator was < 50 or the Relative Standard Error (RSE) is > 0.3 or if the state did not collect data for that calendar year.","BRFSS","CLASS07","TOPIC36","02","RACE04","CAT4","CHECKUP1","RESP064","
,  
(64.84507995700051, -147.72205903599973)"
"2023","AK","Alaska","Health Care Access/Coverage","Last Checkup","About how long has it been since you last visited a doctor for a routine checkup?","Within the past 5 years","Asian, non-Hispanic","Race/Ethnicity","14","11.1","5.2","17","531","%","Crude Prevalence",,,"BRFSS","CLASS07","TOPIC36","02","RACE04","CAT4","CHECKUP1","RESP065","
,  
(64.84507995700051, -147.72205903599973)"
"2023","AK","Alaska","Health Care Access/Coverage","Last Checkup","About how long has it been since you last visited a doctor for a routine checkup?","5 or more years ago","Asian, non-Hispanic","Race/Ethnicity","8",,,,"532","%","Crude Prevalence","*","Prevalence estimate not available if the unweighted sample size for the denominator was < 50 or the Relative Standard Error (RSE) is > 0.3 or if the state did not collect data for that calendar year.","BRFSS","CLASS07","TOPIC36","02","RACE04","CAT4","CHECKUP1","RESP066","
,  
(64.84507995700051, -147.72205903599973)"
"2023","AK","Alaska","Health Care Access/Coverage","Last Checkup","About how long has it been since you last visited a doctor for a routine checkup?","Never","Asian, non-Hispanic","Race/Ethnicity","5",,,,"533","%","Crude Prevalence","*","Prevalence estimate not available if the unweighted sample size for the denominator was < 50 or the Relative Standard Error (RSE) is > 0.3 or if the state did not collect data for that calendar year.","BRFSS","CLASS07","TOPIC36","02","RACE04","CAT4","CHECKUP1","RESP067","
,  
(64.84507995700051, -147.72205903599973)"
"2023","AK","Alaska","Health Care Access/Coverage","Last Checkup","About how long has it been since you last visited a doctor for a routine checkup?","Within the past year","Native Hawaiian or other Pacific Islander, non-Hispanic","Race/Ethnicity","21",,,,"534","%","Crude Prevalence","*","Prevalence estimate not available if the unweighted sample size for the denominator was < 50 or the Relative Standard Error (RSE) is > 0.3 or if the state did not collect data for that calendar year.","BRFSS","CLASS07","TOPIC36","02","RACE05","CAT4","CHECKUP1","RESP063","
,  
(64.84507995700051, -147.72205903599973)"
"2023","AK","Alaska","Health Care Access/Coverage","Last Checkup","About how long has it been since you last visited a doctor for a routine checkup?","Within the past 2 years","Native Hawaiian or other Pacific Islander, non-Hispanic","Race/Ethnicity","7",,,,"535","%","Crude Prevalence","*","Prevalence estimate not available if the unweighted sample size for the denominator was < 50 or the Relative Standard Error (RSE) is > 0.3 or if the state did not collect data for that calendar year.","BRFSS","CLASS07","TOPIC36","02","RACE05","CAT4","CHECKUP1","RESP064","
,  
(64.84507995700051, -147.72205903599973)"
"2023","AK","Alaska","Health Care Access/Coverage","Last Checkup","About how long has it been since you last visited a doctor for a routine checkup?","Within the past 5 years","Native Hawaiian or other Pacific Islander, non-Hispanic","Race/Ethnicity","3",,,,"536","%","Crude Prevalence","*","Prevalence estimate not available if the unweighted sample size for the denominator was < 50 or the Relative Standard Error (RSE) is > 0.3 or if the state did not collect data for that calendar year.","BRFSS","CLASS07","TOPIC36","02","RACE05","CAT4","CHECKUP1","RESP065","
,  
(64.84507995700051, -147.72205903599973)"
"2023","AK","Alaska","Health Care Access/Coverage","Last Checkup","About how long has it been since you last visited a doctor for a routine checkup?","5 or more years ago","Native Hawaiian or other Pacific Islander, non-Hispanic","Race/Ethnicity","3",,,,"537","%","Crude Prevalence","*","Prevalence estimate not available if the unweighted sample size for the denominator was < 50 or the Relative Standard Error (RSE) is > 0.3 or if the state did not collect data for that calendar year.","BRFSS","CLASS07","TOPIC36","02","RACE05","CAT4","CHECKUP1","RESP066","
,  
(64.84507995700051, -147.72205903599973)"
"2023","AK","Alaska","Health Care Access/Coverage","Last Checkup","About how long has it been since you last visited a doctor for a routine checkup?","Never","Native Hawaiian or other Pacific Islander, non-Hispanic","Race/Ethnicity","0",,,,"538","%","Crude Prevalence","***","No responses for this data cell","BRFSS","CLASS07","TOPIC36","02","RACE05","CAT4","CHECKUP1","RESP067","
,  
(64.84507995700051, -147.72205903599973)"
"2023","AK","Alaska","Health Care Access/Coverage","Last Checkup","About how long has it been since you last visited a doctor for a routine checkup?","Within the past year","Other, non-Hispanic","Race/Ethnicity","37","66.8","50.6","82.9","539","%","Crude Prevalence",,,"BRFSS","CLASS07","TOPIC36","02","RACE06","CAT4","CHECKUP1","RESP063","
,  
(64.84507995700051, -147.72205903599973)"
"2023","AK","Alaska","Health Care Access/Coverage","Last Checkup","About how long has it been since you last visited a doctor for a routine checkup?","Within the past 2 years","Other, non-Hispanic","Race/Ethnicity","8",,,,"540","%","Crude Prevalence","*","Prevalence estimate not available if the unweighted sample size for the denominator was < 50 or the Relative Standard Error (RSE) is > 0.3 or if the state did not collect data for that calendar year.","BRFSS","CLASS07","TOPIC36","02","RACE06","CAT4","CHECKUP1","RESP064","
,  
(64.84507995700051, -147.72205903599973)"
"2023","AK","Alaska","Health Care Access/Coverage","Last Checkup","About how long has it been since you last visited a doctor for a routine checkup?","Within the past 5 years","Other, non-Hispanic","Race/Ethnicity","2",,,,"541","%","Crude Prevalence","*","Prevalence estimate not available if the unweighted sample size for the denominator was < 50 or the Relative Standard Error (RSE) is > 0.3 or if the state did not collect data for that calendar year.","BRFSS","CLASS07","TOPIC36","02","RACE06","CAT4","CHECKUP1","RESP065","
,  
(64.84507995700051, -147.72205903599973)"
"2023","AK","Alaska","Health Care Access/Coverage","Last Checkup","About how long has it been since you last visited a doctor for a routine checkup?","5 or more years ago","Other, non-Hispanic","Race/Ethnicity","6",,,,"542","%","Crude Prevalence","*","Prevalence estimate not available if the unweighted sample size for the denominator was < 50 or the Relative Standard Error (RSE) is > 0.3 or if the state did not collect data for that calendar year.","BRFSS","CLASS07","TOPIC36","02","RACE06","CAT4","CHECKUP1","RESP066","
,  
(64.84507995700051, -147.72205903599973)"
"2023","AK","Alaska","Health Care Access/Coverage","Last Checkup","About how long has it been since you last visited a doctor for a routine checkup?","Never","Other, non-Hispanic","Race/Ethnicity","2",,,,"543","%","Crude Prevalence","*","Prevalence estimate not available if the unweighted sample size for the denominator was < 50 or the Relative Standard Error (RSE) is > 0.3 or if the state did not collect data for that calendar year.","BRFSS","CLASS07","TOPIC36","02","RACE06","CAT4","CHECKUP1","RESP067","
,  
(64.84507995700051, -147.72205903599973)"
"2023","AK","Alaska","Health Care Access/Coverage","Last Checkup","About how long has it been since you last visited a doctor for a routine checkup?","Within the past year","Multiracial, non-Hispanic","Race/Ethnicity","214","72.5","65.4","79.5","544","%","Crude Prevalence",,,"BRFSS","CLASS07","TOPIC36","02","RACE07","CAT4","CHECKUP1","RESP063","
,  
(64.84507995700051, -147.72205903599973)"
"2023","AK","Alaska","Health Care Access/Coverage","Last Checkup","About how long has it been since you last visited a doctor for a routine checkup?","Within the past 2 years","Multiracial, non-Hispanic","Race/Ethnicity","31","11.1","6.6","15.5","545","%","Crude Prevalence",,,"BRFSS","CLASS07","TOPIC36","02","RACE07","CAT4","CHECKUP1","RESP064","
,  
(64.84507995700051, -147.72205903599973)"
"2023","AK","Alaska","Health Care Access/Coverage","Last Checkup","About how long has it been since you last visited a doctor for a routine checkup?","Within the past 5 years","Multiracial, non-Hispanic","Race/Ethnicity","19","4.6","2.2","6.9","546","%","Crude Prevalence",,,"BRFSS","CLASS07","TOPIC36","02","RACE07","CAT4","CHECKUP1","RESP065","
,  
(64.84507995700051, -147.72205903599973)"
"2023","AK","Alaska","Health Care Access/Coverage","Last Checkup","About how long has it been since you last visited a doctor for a routine checkup?","5 or more years ago","Multiracial, non-Hispanic","Race/Ethnicity","26","11.9","5.9","18","547","%","Crude Prevalence",,,"BRFSS","CLASS07","TOPIC36","02","RACE07","CAT4","CHECKUP1","RESP066","
,  
(64.84507995700051, -147.72205903599973)"
"2023","AK","Alaska","Health Care Access/Coverage","Last Checkup","About how long has it been since you last visited a doctor for a routine checkup?","Never","Multiracial, non-Hispanic","Race/Ethnicity","0",,,,"548","%","Crude Prevalence","***","No responses for this data cell","BRFSS","CLASS07","TOPIC36","02","RACE07","CAT4","CHECKUP1","RESP067","
,  
(64.84507995700051, -147.72205903599973)"
"2023","AK","Alaska","Health Care Access/Coverage","Last Checkup","About how long has it been since you last visited a doctor for a routine checkup?","Within the past year","Hispanic","Race/Ethnicity","166","74.3","66.8","81.8","549","%","Crude Prevalence",,,"BRFSS","CLASS07","TOPIC36","02","RACE08","CAT4","CHECKUP1","RESP063","
,  
(64.84507995700051, -147.72205903599973)"
"2023","AK","Alaska","Health Care Access/Coverage","Last Checkup","About how long has it been since you last visited a doctor for a routine checkup?","Within the past 2 years","Hispanic","Race/Ethnicity","20","9.9","4.6","15.2","550","%","Crude Prevalence",,,"BRFSS","CLASS07","TOPIC36","02","RACE08","CAT4","CHECKUP1","RESP064","
,  
(64.84507995700051, -147.72205903599973)"
"2023","AK","Alaska","Health Care Access/Coverage","Last Checkup","About how long has it been since you last visited a doctor for a routine checkup?","Within the past 5 years","Hispanic","Race/Ethnicity","18","9.4","4.6","14.3","551","%","Crude Prevalence",,,"BRFSS","CLASS07","TOPIC36","02","RACE08","CAT4","CHECKUP1","RESP065","
,  
(64.84507995700051, -147.72205903599973)"
"2023","AK","Alaska","Health Care Access/Coverage","Last Checkup","About how long has it been since you last visited a doctor for a routine checkup?","5 or more years ago","Hispanic","Race/Ethnicity","15",,,,"552","%","Crude Prevalence","*","Prevalence estimate not available if the unweighted sample size for the denominator was < 50 or the Relative Standard Error (RSE) is > 0.3 or if the state did not collect data for that calendar year.","BRFSS","CLASS07","TOPIC36","02","RACE08","CAT4","CHECKUP1","RESP066","
,  
(64.84507995700051, -147.72205903599973)"
"2023","AK","Alaska","Health Care Access/Coverage","Last Checkup","About how long has it been since you last visited a doctor for a routine checkup?","Never","Hispanic","Race/Ethnicity","1",,,,"553","%","Crude Prevalence","*","Prevalence estimate not available if the unweighted sample size for the denominator was < 50 or the Relative Standard Error (RSE) is > 0.3 or if the state did not collect data for that calendar year.","BRFSS","CLASS07","TOPIC36","02","RACE08","CAT4","CHECKUP1","RESP067","
,  
(64.84507995700051, -147.72205903599973)"
"2023","AK","Alaska","Health Care Access/Coverage","Last Checkup","About how long has it been since you last visited a doctor for a routine checkup?","Within the past year","Less than H.S.","Education Attained","136","69.7","61.7","77.8","554","%","Crude Prevalence",,,"BRFSS","CLASS07","TOPIC36","02","EDUCA1","CAT5","CHECKUP1","RESP063","
,  
(64.84507995700051, -147.72205903599973)"
"2023","AK","Alaska","Health Care Access/Coverage","Last Checkup","About how long has it been since you last visited a doctor for a routine checkup?","Within the past 2 years","Less than H.S.","Education Attained","16","7.3","3.5","11.2","555","%","Crude Prevalence",,,"BRFSS","CLASS07","TOPIC36","02","EDUCA1","CAT5","CHECKUP1","RESP064","
,  
(64.84507995700051, -147.72205903599973)"
"2023","AK","Alaska","Health Care Access/Coverage","Last Checkup","About how long has it been since you last visited a doctor for a routine checkup?","Within the past 5 years","Less than H.S.","Education Attained","23","9","4.7","13.4","556","%","Crude Prevalence",,,"BRFSS","CLASS07","TOPIC36","02","EDUCA1","CAT5","CHECKUP1","RESP065","
,  
(64.84507995700051, -147.72205903599973)"
"2023","AK","Alaska","Health Care Access/Coverage","Last Checkup","About how long has it been since you last visited a doctor for a routine checkup?","5 or more years ago","Less than H.S.","Education Attained","20","11.4","5.1","17.7","557","%","Crude Prevalence",,,"BRFSS","CLASS07","TOPIC36","02","EDUCA1","CAT5","CHECKUP1","RESP066","
,  
(64.84507995700051, -147.72205903599973)"
"2023","AK","Alaska","Health Care Access/Coverage","Last Checkup","About how long has it been since you last visited a doctor for a routine checkup?","Never","Less than H.S.","Education Attained","4",,,,"558","%","Crude Prevalence","*","Prevalence estimate not available if the unweighted sample size for the denominator was < 50 or the Relative Standard Error (RSE) is > 0.3 or if the state did not collect data for that calendar year.","BRFSS","CLASS07","TOPIC36","02","EDUCA1","CAT5","CHECKUP1","RESP067","
,  
(64.84507995700051, -147.72205903599973)"
"2023","AK","Alaska","Health Care Access/Coverage","Last Checkup","About how long has it been since you last visited a doctor for a routine checkup?","Within the past year","H.S. or G.E.D.","Education Attained","965","67.6","64.4","70.9","559","%","Crude Prevalence",,,"BRFSS","CLASS07","TOPIC36","02","EDUCA2","CAT5","CHECKUP1","RESP063","
,  
(64.84507995700051, -147.72205903599973)"
"2023","AK","Alaska","Health Care Access/Coverage","Last Checkup","About how long has it been since you last visited a doctor for a routine checkup?","Within the past 2 years","H.S. or G.E.D.","Education Attained","161","12","9.8","14.2","560","%","Crude Prevalence",,,"BRFSS","CLASS07","TOPIC36","02","EDUCA2","CAT5","CHECKUP1","RESP064","
,  
(64.84507995700051, -147.72205903599973)"
"2023","AK","Alaska","Health Care Access/Coverage","Last Checkup","About how long has it been since you last visited a doctor for a routine checkup?","Within the past 5 years","H.S. or G.E.D.","Education Attained","115","8.3","6.4","10.2","561","%","Crude Prevalence",,,"BRFSS","CLASS07","TOPIC36","02","EDUCA2","CAT5","CHECKUP1","RESP065","
,  
(64.84507995700051, -147.72205903599973)"
"2023","AK","Alaska","Health Care Access/Coverage","Last Checkup","About how long has it been since you last visited a doctor for a routine checkup?","5 or more years ago","H.S. or G.E.D.","Education Attained","136","10.3","8.2","12.5","562","%","Crude Prevalence",,,"BRFSS","CLASS07","TOPIC36","02","EDUCA2","CAT5","CHECKUP1","RESP066","
,  
(64.84507995700051, -147.72205903599973)"
"2023","AK","Alaska","Health Care Access/Coverage","Last Checkup","About how long has it been since you last visited a doctor for a routine checkup?","Never","H.S. or G.E.D.","Education Attained","24","1.8","1","2.6","563","%","Crude Prevalence",,,"BRFSS","CLASS07","TOPIC36","02","EDUCA2","CAT5","CHECKUP1","RESP067","
,  
(64.84507995700051, -147.72205903599973)"
"2023","AK","Alaska","Health Care Access/Coverage","Last Checkup","About how long has it been since you last visited a doctor for a routine checkup?","Within the past year","Some post-H.S.","Education Attained","1173","73.5","70.5","76.5","564","%","Crude Prevalence",,,"BRFSS","CLASS07","TOPIC36","02","EDUCA3","CAT5","CHECKUP1","RESP063","
,  
(64.84507995700051, -147.72205903599973)"
"2023","AK","Alaska","Health Care Access/Coverage","Last Checkup","About how long has it been since you last visited a doctor for a routine checkup?","Within the past 2 years","Some post-H.S.","Education Attained","137","10.6","8.5","12.7","565","%","Crude Prevalence",,,"BRFSS","CLASS07","TOPIC36","02","EDUCA3","CAT5","CHECKUP1","RESP064","
,  
(64.84507995700051, -147.72205903599973)"
"2023","AK","Alaska","Health Care Access/Coverage","Last Checkup","About how long has it been since you last visited a doctor for a routine checkup?","Within the past 5 years","Some post-H.S.","Education Attained","106","7.4","5.7","9.1","566","%","Crude Prevalence",,,"BRFSS","CLASS07","TOPIC36","02","EDUCA3","CAT5","CHECKUP1","RESP065","
,  
(64.84507995700051, -147.72205903599973)"
"2023","AK","Alaska","Health Care Access/Coverage","Last Checkup","About how long has it been since you last visited a doctor for a routine checkup?","5 or more years ago","Some post-H.S.","Education Attained","109","7.5","5.6","9.4","567","%","Crude Prevalence",,,"BRFSS","CLASS07","TOPIC36","02","EDUCA3","CAT5","CHECKUP1","RESP066","
,  
(64.84507995700051, -147.72205903599973)"
"2023","AK","Alaska","Health Care Access/Coverage","Last Checkup","About how long has it been since you last visited a doctor for a routine checkup?","Never","Some post-H.S.","Education Attained","16","1","0.4","1.6","568","%","Crude Prevalence",,,"BRFSS","CLASS07","TOPIC36","02","EDUCA3","CAT5","CHECKUP1","RESP067","
,  
(64.84507995700051, -147.72205903599973)"
"2023","AK","Alaska","Health Care Access/Coverage","Last Checkup","About how long has it been since you last visited a doctor for a routine checkup?","Within the past year","College graduate","Education Attained","1704","75.8","73.4","78.2","569","%","Crude Prevalence",,,"BRFSS","CLASS07","TOPIC36","02","EDUCA4","CAT5","CHECKUP1","RESP063","
,  
(64.84507995700051, -147.72205903599973)"
"2023","AK","Alaska","Health Care Access/Coverage","Last Checkup","About how long has it been since you last visited a doctor for a routine checkup?","Within the past 2 years","College graduate","Education Attained","255","11.4","9.6","13.2","570","%","Crude Prevalence",,,"BRFSS","CLASS07","TOPIC36","02","EDUCA4","CAT5","CHECKUP1","RESP064","
,  
(64.84507995700051, -147.72205903599973)"
"2023","AK","Alaska","Health Care Access/Coverage","Last Checkup","About how long has it been since you last visited a doctor for a routine checkup?","Within the past 5 years","College graduate","Education Attained","157","7.1","5.7","8.5","571","%","Crude Prevalence",,,"BRFSS","CLASS07","TOPIC36","02","EDUCA4","CAT5","CHECKUP1","RESP065","
,  
(64.84507995700051, -147.72205903599973)"
"2023","AK","Alaska","Health Care Access/Coverage","Last Checkup","About how long has it been since you last visited a doctor for a routine checkup?","5 or more years ago","College graduate","Education Attained","112","4.8","3.7","6","572","%","Crude Prevalence",,,"BRFSS","CLASS07","TOPIC36","02","EDUCA4","CAT5","CHECKUP1","RESP066","
,  
(64.84507995700051, -147.72205903599973)"
"2023","AK","Alaska","Health Care Access/Coverage","Last Checkup","About how long has it been since you last visited a doctor for a routine checkup?","Never","College graduate","Education Attained","13",,,,"573","%","Crude Prevalence","*","Prevalence estimate not available if the unweighted sample size for the denominator was < 50 or the Relative Standard Error (RSE) is > 0.3 or if the state did not collect data for that calendar year.","BRFSS","CLASS07","TOPIC36","02","EDUCA4","CAT5","CHECKUP1","RESP067","
,  
(64.84507995700051, -147.72205903599973)"
"2023","AK","Alaska","Health Care Access/Coverage","Last Checkup","About how long has it been since you last visited a doctor for a routine checkup?","Within the past year","Less than $15,000","Household Income","126","68.1","59.9","76.4","574","%","Crude Prevalence",,,"BRFSS","CLASS07","TOPIC36","02","INCOME01","CAT6","CHECKUP1","RESP063","
,  
(64.84507995700051, -147.72205903599973)"
"2023","AK","Alaska","Health Care Access/Coverage","Last Checkup","About how long has it been since you last visited a doctor for a routine checkup?","Within the past 2 years","Less than $15,000","Household Income","25","12.4","6.5","18.2","575","%","Crude Prevalence",,,"BRFSS","CLASS07","TOPIC36","02","INCOME01","CAT6","CHECKUP1","RESP064","
,  
(64.84507995700051, -147.72205903599973)"
"2023","AK","Alaska","Health Care Access/Coverage","Last Checkup","About how long has it been since you last visited a doctor for a routine checkup?","Within the past 5 years","Less than $15,000","Household Income","18","9.2","4.1","14.3","576","%","Crude Prevalence",,,"BRFSS","CLASS07","TOPIC36","02","INCOME01","CAT6","CHECKUP1","RESP065","
,  
(64.84507995700051, -147.72205903599973)"
"2023","AK","Alaska","Health Care Access/Coverage","Last Checkup","About how long has it been since you last visited a doctor for a routine checkup?","5 or more years ago","Less than $15,000","Household Income","20","8.3","4.2","12.4","577","%","Crude Prevalence",,,"BRFSS","CLASS07","TOPIC36","02","INCOME01","CAT6","CHECKUP1","RESP066","
,  
(64.84507995700051, -147.72205903599973)"
"2023","AK","Alaska","Health Care Access/Coverage","Last Checkup","About how long has it been since you last visited a doctor for a routine checkup?","Never","Less than $15,000","Household Income","5",,,,"578","%","Crude Prevalence","*","Prevalence estimate not available if the unweighted sample size for the denominator was < 50 or the Relative Standard Error (RSE) is > 0.3 or if the state did not collect data for that calendar year.","BRFSS","CLASS07","TOPIC36","02","INCOME01","CAT6","CHECKUP1","RESP067","
,  
(64.84507995700051, -147.72205903599973)"
"2023","AK","Alaska","Health Care Access/Coverage","Last Checkup","About how long has it been since you last visited a doctor for a routine checkup?","Within the past year","$15,000-$24,999","Household Income","228","71.3","64.4","78.3","579","%","Crude Prevalence",,,"BRFSS","CLASS07","TOPIC36","02","INCOME02","CAT6","CHECKUP1","RESP063","
,  
(64.84507995700051, -147.72205903599973)"
"2023","AK","Alaska","Health Care Access/Coverage","Last Checkup","About how long has it been since you last visited a doctor for a routine checkup?","Within the past 2 years","$15,000-$24,999","Household Income","26","10.2","5.5","15","580","%","Crude Prevalence",,,"BRFSS","CLASS07","TOPIC36","02","INCOME02","CAT6","CHECKUP1","RESP064","
,  
(64.84507995700051, -147.72205903599973)"
"2023","AK","Alaska","Health Care Access/Coverage","Last Checkup","About how long has it been since you last visited a doctor for a routine checkup?","Within the past 5 years","$15,000-$24,999","Household Income","26","10.3","5.7","15","581","%","Crude Prevalence",,,"BRFSS","CLASS07","TOPIC36","02","INCOME02","CAT6","CHECKUP1","RESP065","
,  
(64.84507995700051, -147.72205903599973)"
"2023","AK","Alaska","Health Care Access/Coverage","Last Checkup","About how long has it been since you last visited a doctor for a routine checkup?","5 or more years ago","$15,000-$24,999","Household Income","20","7.5","3.2","11.8","582","%","Crude Prevalence",,,"BRFSS","CLASS07","TOPIC36","02","INCOME02","CAT6","CHECKUP1","RESP066","
,  
(64.84507995700051, -147.72205903599973)"
"2023","AK","Alaska","Health Care Access/Coverage","Last Checkup","About how long has it been since you last visited a doctor for a routine checkup?","Never","$15,000-$24,999","Household Income","3",,,,"583","%","Crude Prevalence","*","Prevalence estimate not available if the unweighted sample size for the denominator was < 50 or the Relative Standard Error (RSE) is > 0.3 or if the state did not collect data for that calendar year.","BRFSS","CLASS07","TOPIC36","02","INCOME02","CAT6","CHECKUP1","RESP067","
,  
(64.84507995700051, -147.72205903599973)"
"2023","AK","Alaska","Health Care Access/Coverage","Last Checkup","About how long has it been since you last visited a doctor for a routine checkup?","Within the past year","$25,000-$34,999","Household Income","279","65.1","58.6","71.5","584","%","Crude Prevalence",,,"BRFSS","CLASS07","TOPIC36","02","INCOME03","CAT6","CHECKUP1","RESP063","
,  
(64.84507995700051, -147.72205903599973)"
"2023","AK","Alaska","Health Care Access/Coverage","Last Checkup","About how long has it been since you last visited a doctor for a routine checkup?","Within the past 2 years","$25,000-$34,999","Household Income","51","16.3","11","21.6","585","%","Crude Prevalence",,,"BRFSS","CLASS07","TOPIC36","02","INCOME03","CAT6","CHECKUP1","RESP064","
,  
(64.84507995700051, -147.72205903599973)"
"2023","AK","Alaska","Health Care Access/Coverage","Last Checkup","About how long has it been since you last visited a doctor for a routine checkup?","Within the past 5 years","$25,000-$34,999","Household Income","33","8.2","4.8","11.6","586","%","Crude Prevalence",,,"BRFSS","CLASS07","TOPIC36","02","INCOME03","CAT6","CHECKUP1","RESP065","
,  
(64.84507995700051, -147.72205903599973)"
"2023","AK","Alaska","Health Care Access/Coverage","Last Checkup","About how long has it been since you last visited a doctor for a routine checkup?","5 or more years ago","$25,000-$34,999","Household Income","34","9.2","5.5","12.9","587","%","Crude Prevalence",,,"BRFSS","CLASS07","TOPIC36","02","INCOME03","CAT6","CHECKUP1","RESP066","
,  
(64.84507995700051, -147.72205903599973)"
"2023","AK","Alaska","Health Care Access/Coverage","Last Checkup","About how long has it been since you last visited a doctor for a routine checkup?","Never","$25,000-$34,999","Household Income","4",,,,"588","%","Crude Prevalence","*","Prevalence estimate not available if the unweighted sample size for the denominator was < 50 or the Relative Standard Error (RSE) is > 0.3 or if the state did not collect data for that calendar year.","BRFSS","CLASS07","TOPIC36","02","INCOME03","CAT6","CHECKUP1","RESP067","
,  
(64.84507995700051, -147.72205903599973)"
"2023","AK","Alaska","Health Care Access/Coverage","Last Checkup","About how long has it been since you last visited a doctor for a routine checkup?","Within the past year","$35,000-$49,999","Household Income","363","70.6","65.3","76","589","%","Crude Prevalence",,,"BRFSS","CLASS07","TOPIC36","02","INCOME04","CAT6","CHECKUP1","RESP063","
,  
(64.84507995700051, -147.72205903599973)"
"2023","AK","Alaska","Health Care Access/Coverage","Last Checkup","About how long has it been since you last visited a doctor for a routine checkup?","Within the past 2 years","$35,000-$49,999","Household Income","57","13.2","9.3","17.1","590","%","Crude Prevalence",,,"BRFSS","CLASS07","TOPIC36","02","INCOME04","CAT6","CHECKUP1","RESP064","
,  
(64.84507995700051, -147.72205903599973)"
"2023","AK","Alaska","Health Care Access/Coverage","Last Checkup","About how long has it been since you last visited a doctor for a routine checkup?","Within the past 5 years","$35,000-$49,999","Household Income","35","9.1","5.4","12.8","591","%","Crude Prevalence",,,"BRFSS","CLASS07","TOPIC36","02","INCOME04","CAT6","CHECKUP1","RESP065","
,  
(64.84507995700051, -147.72205903599973)"
"2023","AK","Alaska","Health Care Access/Coverage","Last Checkup","About how long has it been since you last visited a doctor for a routine checkup?","5 or more years ago","$35,000-$49,999","Household Income","47","5.9","3.9","8","592","%","Crude Prevalence",,,"BRFSS","CLASS07","TOPIC36","02","INCOME04","CAT6","CHECKUP1","RESP066","
,  
(64.84507995700051, -147.72205903599973)"
"2023","AK","Alaska","Health Care Access/Coverage","Last Checkup","About how long has it been since you last visited a doctor for a routine checkup?","Never","$35,000-$49,999","Household Income","3",,,,"593","%","Crude Prevalence","*","Prevalence estimate not available if the unweighted sample size for the denominator was < 50 or the Relative Standard Error (RSE) is > 0.3 or if the state did not collect data for that calendar year.","BRFSS","CLASS07","TOPIC36","02","INCOME04","CAT6","CHECKUP1","RESP067","
,  
(64.84507995700051, -147.72205903599973)"
"2023","AK","Alaska","Health Care Access/Coverage","Last Checkup","About how long has it been since you last visited a doctor for a routine checkup?","Within the past year","$50,000-$99,999","Household Income","1142","71.4","68.3","74.6","594","%","Crude Prevalence",,,"BRFSS","CLASS07","TOPIC36","02","INCOME05","CAT6","CHECKUP1","RESP063","
,  
(64.84507995700051, -147.72205903599973)"
"2023","AK","Alaska","Health Care Access/Coverage","Last Checkup","About how long has it been since you last visited a doctor for a routine checkup?","Within the past 2 years","$50,000-$99,999","Household Income","164","10.3","8.4","12.3","595","%","Crude Prevalence",,,"BRFSS","CLASS07","TOPIC36","02","INCOME05","CAT6","CHECKUP1","RESP064","
,  
(64.84507995700051, -147.72205903599973)"
"2023","AK","Alaska","Health Care Access/Coverage","Last Checkup","About how long has it been since you last visited a doctor for a routine checkup?","Within the past 5 years","$50,000-$99,999","Household Income","117","7.8","6","9.6","596","%","Crude Prevalence",,,"BRFSS","CLASS07","TOPIC36","02","INCOME05","CAT6","CHECKUP1","RESP065","
,  
(64.84507995700051, -147.72205903599973)"
"2023","AK","Alaska","Health Care Access/Coverage","Last Checkup","About how long has it been since you last visited a doctor for a routine checkup?","5 or more years ago","$50,000-$99,999","Household Income","113","9.3","7.1","11.5","597","%","Crude Prevalence",,,"BRFSS","CLASS07","TOPIC36","02","INCOME05","CAT6","CHECKUP1","RESP066","
,  
(64.84507995700051, -147.72205903599973)"
"2023","AK","Alaska","Health Care Access/Coverage","Last Checkup","About how long has it been since you last visited a doctor for a routine checkup?","Never","$50,000-$99,999","Household Income","17",,,,"598","%","Crude Prevalence","*","Prevalence estimate not available if the unweighted sample size for the denominator was < 50 or the Relative Standard Error (RSE) is > 0.3 or if the state did not collect data for that calendar year.","BRFSS","CLASS07","TOPIC36","02","INCOME05","CAT6","CHECKUP1","RESP067","
,  
(64.84507995700051, -147.72205903599973)"
"2023","AK","Alaska","Health Care Access/Coverage","Last Checkup","About how long has it been since you last visited a doctor for a routine checkup?","Within the past year","$100,000-$199,999","Household Income","903","74.6","70.8","78.5","599","%","Crude Prevalence",,,"BRFSS","CLASS07","TOPIC36","02","INCOME06","CAT6","CHECKUP1","RESP063","
,  
(64.84507995700051, -147.72205903599973)"
"2023","AK","Alaska","Health Care Access/Coverage","Last Checkup","About how long has it been since you last visited a doctor for a routine checkup?","Within the past 2 years","$100,000-$199,999","Household Income","122","10.9","8.3","13.4","600","%","Crude Prevalence",,,"BRFSS","CLASS07","TOPIC36","02","INCOME06","CAT6","CHECKUP1","RESP064","
,  
(64.84507995700051, -147.72205903599973)"
"2023","AK","Alaska","Health Care Access/Coverage","Last Checkup","About how long has it been since you last visited a doctor for a routine checkup?","Within the past 5 years","$100,000-$199,999","Household Income","66","5.4","3.6","7.2","601","%","Crude Prevalence",,,"BRFSS","CLASS07","TOPIC36","02","INCOME06","CAT6","CHECKUP1","RESP065","
,  
(64.84507995700051, -147.72205903599973)"
"2023","AK","Alaska","Health Care Access/Coverage","Last Checkup","About how long has it been since you last visited a doctor for a routine checkup?","5 or more years ago","$100,000-$199,999","Household Income","67","7.8","4.9","10.7","602","%","Crude Prevalence",,,"BRFSS","CLASS07","TOPIC36","02","INCOME06","CAT6","CHECKUP1","RESP066","
,  
(64.84507995700051, -147.72205903599973)"
"2023","AK","Alaska","Health Care Access/Coverage","Last Checkup","About how long has it been since you last visited a doctor for a routine checkup?","Never","$100,000-$199,999","Household Income","9",,,,"603","%","Crude Prevalence","*","Prevalence estimate not available if the unweighted sample size for the denominator was < 50 or the Relative Standard Error (RSE) is > 0.3 or if the state did not collect data for that calendar year.","BRFSS","CLASS07","TOPIC36","02","INCOME06","CAT6","CHECKUP1","RESP067","
,  
(64.84507995700051, -147.72205903599973)"
"2023","AK","Alaska","Health Care Access/Coverage","Last Checkup","About how long has it been since you last visited a doctor for a routine checkup?","Within the past year","$200,000+","Household Income","237","78.8","72.9","84.8","604","%","Crude Prevalence",,,"BRFSS","CLASS07","TOPIC36","02","INCOME07","CAT6","CHECKUP1","RESP063","
,  
(64.84507995700051, -147.72205903599973)"
"2023","AK","Alaska","Health Care Access/Coverage","Last Checkup","About how long has it been since you last visited a doctor for a routine checkup?","Within the past 2 years","$200,000+","Household Income","32","7.9","3.9","11.8","605","%","Crude Prevalence",,,"BRFSS","CLASS07","TOPIC36","02","INCOME07","CAT6","CHECKUP1","RESP064","
,  
(64.84507995700051, -147.72205903599973)"
"2023","AK","Alaska","Health Care Access/Coverage","Last Checkup","About how long has it been since you last visited a doctor for a routine checkup?","Within the past 5 years","$200,000+","Household Income","24","8.4","4.4","12.3","606","%","Crude Prevalence",,,"BRFSS","CLASS07","TOPIC36","02","INCOME07","CAT6","CHECKUP1","RESP065","
,  
(64.84507995700051, -147.72205903599973)"
"2023","AK","Alaska","Health Care Access/Coverage","Last Checkup","About how long has it been since you last visited a doctor for a routine checkup?","5 or more years ago","$200,000+","Household Income","15",,,,"607","%","Crude Prevalence","*","Prevalence estimate not available if the unweighted sample size for the denominator was < 50 or the Relative Standard Error (RSE) is > 0.3 or if the state did not collect data for that calendar year.","BRFSS","CLASS07","TOPIC36","02","INCOME07","CAT6","CHECKUP1","RESP066","
,  
(64.84507995700051, -147.72205903599973)"
"2023","AK","Alaska","Health Care Access/Coverage","Last Checkup","About how long has it been since you last visited a doctor for a routine checkup?","Never","$200,000+","Household Income","3",,,,"608","%","Crude Prevalence","*","Prevalence estimate not available if the unweighted sample size for the denominator was < 50 or the Relative Standard Error (RSE) is > 0.3 or if the state did not collect data for that calendar year.","BRFSS","CLASS07","TOPIC36","02","INCOME07","CAT6","CHECKUP1","RESP067","
,  
(64.84507995700051, -147.72205903599973)"
"2023","AK","Alaska","Chronic Health Indicators","Cardiovascular Disease","Ever told you had angina or coronary heart disease?","Yes","Overall","Overall","239","3.3","2.7","3.8","609","%","Crude Prevalence",,,"BRFSS","CLASS03","TOPIC10","02","BO1","CAT1","CVDCRHD4","RESP046","
,  
(64.84507995700051, -147.72205903599973)"
"2023","AK","Alaska","Chronic Health Indicators","Cardiovascular Disease","Ever told you had angina or coronary heart disease?","No","Overall","Overall","5224","96.7","96.2","97.3","610","%","Crude Prevalence",,,"BRFSS","CLASS03","TOPIC10","02","BO1","CAT1","CVDCRHD4","RESP054","
,  
(64.84507995700051, -147.72205903599973)"
"2023","AK","Alaska","Chronic Health Indicators","Cardiovascular Disease","Ever told you had angina or coronary heart disease?","Yes","Male","Sex","149","4","3.1","4.8","611","%","Crude Prevalence",,,"BRFSS","CLASS03","TOPIC10","02","SEX1","CAT2","CVDCRHD4","RESP046","
,  
(64.84507995700051, -147.72205903599973)"
"2023","AK","Alaska","Chronic Health Indicators","Cardiovascular Disease","Ever told you had angina or coronary heart disease?","No","Male","Sex","2623","96","95.2","96.9","612","%","Crude Prevalence",,,"BRFSS","CLASS03","TOPIC10","02","SEX1","CAT2","CVDCRHD4","RESP054","
,  
(64.84507995700051, -147.72205903599973)"
"2023","AK","Alaska","Chronic Health Indicators","Cardiovascular Disease","Ever told you had angina or coronary heart disease?","Yes","Female","Sex","90","2.6","1.9","3.3","613","%","Crude Prevalence",,,"BRFSS","CLASS03","TOPIC10","02","SEX2","CAT2","CVDCRHD4","RESP046","
,  
(64.84507995700051, -147.72205903599973)"
"2023","AK","Alaska","Chronic Health Indicators","Cardiovascular Disease","Ever told you had angina or coronary heart disease?","No","Female","Sex","2601","97.4","96.7","98.1","614","%","Crude Prevalence",,,"BRFSS","CLASS03","TOPIC10","02","SEX2","CAT2","CVDCRHD4","RESP054","
,  
(64.84507995700051, -147.72205903599973)"
"2023","AK","Alaska","Chronic Health Indicators","Cardiovascular Disease","Ever told you had angina or coronary heart disease?","Yes","18-24","Age Group","1",,,,"615","%","Crude Prevalence","*","Prevalence estimate not available if the unweighted sample size for the denominator was < 50 or the Relative Standard Error (RSE) is > 0.3 or if the state did not collect data for that calendar year.","BRFSS","CLASS03","TOPIC10","02","AGE01","CAT3","CVDCRHD4","RESP046","
,  
(64.84507995700051, -147.72205903599973)"
"2023","AK","Alaska","Chronic Health Indicators","Cardiovascular Disease","Ever told you had angina or coronary heart disease?","No","18-24","Age Group","338","100","99.9","100","616","%","Crude Prevalence",,,"BRFSS","CLASS03","TOPIC10","02","AGE01","CAT3","CVDCRHD4","RESP054","
,  
(64.84507995700051, -147.72205903599973)"
"2023","AK","Alaska","Chronic Health Indicators","Cardiovascular Disease","Ever told you had angina or coronary heart disease?","Yes","25-34","Age Group","2",,,,"617","%","Crude Prevalence","*","Prevalence estimate not available if the unweighted sample size for the denominator was < 50 or the Relative Standard Error (RSE) is > 0.3 or if the state did not collect data for that calendar year.","BRFSS","CLASS03","TOPIC10","02","AGE02","CAT3","CVDCRHD4","RESP046","
,  
(64.84507995700051, -147.72205903599973)"
"2023","AK","Alaska","Chronic Health Indicators","Cardiovascular Disease","Ever told you had angina or coronary heart disease?","No","25-34","Age Group","629","99.7","99.3","100","618","%","Crude Prevalence",,,"BRFSS","CLASS03","TOPIC10","02","AGE02","CAT3","CVDCRHD4","RESP054","
,  
(64.84507995700051, -147.72205903599973)"
"2023","AK","Alaska","Chronic Health Indicators","Cardiovascular Disease","Ever told you had angina or coronary heart disease?","Yes","35-44","Age Group","6",,,,"619","%","Crude Prevalence","*","Prevalence estimate not available if the unweighted sample size for the denominator was < 50 or the Relative Standard Error (RSE) is > 0.3 or if the state did not collect data for that calendar year.","BRFSS","CLASS03","TOPIC10","02","AGE03","CAT3","CVDCRHD4","RESP046","
,  
(64.84507995700051, -147.72205903599973)"
"2023","AK","Alaska","Chronic Health Indicators","Cardiovascular Disease","Ever told you had angina or coronary heart disease?","No","35-44","Age Group","810","99.5","98.9","100","620","%","Crude Prevalence",,,"BRFSS","CLASS03","TOPIC10","02","AGE03","CAT3","CVDCRHD4","RESP054","
,  
(64.84507995700051, -147.72205903599973)"
"2023","AK","Alaska","Chronic Health Indicators","Cardiovascular Disease","Ever told you had angina or coronary heart disease?","Yes","45-54","Age Group","20","3","1.5","4.6","621","%","Crude Prevalence",,,"BRFSS","CLASS03","TOPIC10","02","AGE04","CAT3","CVDCRHD4","RESP046","
,  
(64.84507995700051, -147.72205903599973)"
"2023","AK","Alaska","Chronic Health Indicators","Cardiovascular Disease","Ever told you had angina or coronary heart disease?","No","45-54","Age Group","825","97","95.4","98.5","622","%","Crude Prevalence",,,"BRFSS","CLASS03","TOPIC10","02","AGE04","CAT3","CVDCRHD4","RESP054","
,  
(64.84507995700051, -147.72205903599973)"
"2023","AK","Alaska","Chronic Health Indicators","Cardiovascular Disease","Ever told you had angina or coronary heart disease?","Yes","55-64","Age Group","55","5.5","3.7","7.3","623","%","Crude Prevalence",,,"BRFSS","CLASS03","TOPIC10","02","AGE05","CAT3","CVDCRHD4","RESP046","
,  
(64.84507995700051, -147.72205903599973)"
"2023","AK","Alaska","Chronic Health Indicators","Cardiovascular Disease","Ever told you had angina or coronary heart disease?","No","55-64","Age Group","956","94.5","92.7","96.3","624","%","Crude Prevalence",,,"BRFSS","CLASS03","TOPIC10","02","AGE05","CAT3","CVDCRHD4","RESP054","
,  
(64.84507995700051, -147.72205903599973)"
"2023","AK","Alaska","Chronic Health Indicators","Cardiovascular Disease","Ever told you had angina or coronary heart disease?","Yes","65+","Age Group","155","9.2","7.3","11.2","625","%","Crude Prevalence",,,"BRFSS","CLASS03","TOPIC10","02","AGE09","CAT3","CVDCRHD4","RESP046","
,  
(64.84507995700051, -147.72205903599973)"
"2023","AK","Alaska","Chronic Health Indicators","Cardiovascular Disease","Ever told you had angina or coronary heart disease?","No","65+","Age Group","1666","90.8","88.8","92.7","626","%","Crude Prevalence",,,"BRFSS","CLASS03","TOPIC10","02","AGE09","CAT3","CVDCRHD4","RESP054","
,  
(64.84507995700051, -147.72205903599973)"
"2023","AK","Alaska","Chronic Health Indicators","Cardiovascular Disease","Ever told you had angina or coronary heart disease?","Yes","White, non-Hispanic","Race/Ethnicity","193","4.2","3.4","4.9","627","%","Crude Prevalence",,,"BRFSS","CLASS03","TOPIC10","02","RACE01","CAT4","CVDCRHD4","RESP046","
,  
(64.84507995700051, -147.72205903599973)"
"2023","AK","Alaska","Chronic Health Indicators","Cardiovascular Disease","Ever told you had angina or coronary heart disease?","No","White, non-Hispanic","Race/Ethnicity","3731","95.8","95.1","96.6","628","%","Crude Prevalence",,,"BRFSS","CLASS03","TOPIC10","02","RACE01","CAT4","CVDCRHD4","RESP054","
,  
(64.84507995700051, -147.72205903599973)"
"2023","AK","Alaska","Chronic Health Indicators","Cardiovascular Disease","Ever told you had angina or coronary heart disease?","Yes","Black, non-Hispanic","Race/Ethnicity","3",,,,"629","%","Crude Prevalence","*","Prevalence estimate not available if the unweighted sample size for the denominator was < 50 or the Relative Standard Error (RSE) is > 0.3 or if the state did not collect data for that calendar year.","BRFSS","CLASS03","TOPIC10","02","RACE02","CAT4","CVDCRHD4","RESP046","
,  
(64.84507995700051, -147.72205903599973)"
"2023","AK","Alaska","Chronic Health Indicators","Cardiovascular Disease","Ever told you had angina or coronary heart disease?","No","Black, non-Hispanic","Race/Ethnicity","125","98.5","96.7","100","630","%","Crude Prevalence",,,"BRFSS","CLASS03","TOPIC10","02","RACE02","CAT4","CVDCRHD4","RESP054","
,  
(64.84507995700051, -147.72205903599973)"
"2023","AK","Alaska","Chronic Health Indicators","Cardiovascular Disease","Ever told you had angina or coronary heart disease?","Yes","American Indian or Alaskan Native, non-Hispanic","Race/Ethnicity","23","2","0.9","3","631","%","Crude Prevalence",,,"BRFSS","CLASS03","TOPIC10","02","RACE03","CAT4","CVDCRHD4","RESP046","
,  
(64.84507995700051, -147.72205903599973)"
"2023","AK","Alaska","Chronic Health Indicators","Cardiovascular Disease","Ever told you had angina or coronary heart disease?","No","American Indian or Alaskan Native, non-Hispanic","Race/Ethnicity","644","98","97","99.1","632","%","Crude Prevalence",,,"BRFSS","CLASS03","TOPIC10","02","RACE03","CAT4","CVDCRHD4","RESP054","
,  
(64.84507995700051, -147.72205903599973)"
"2023","AK","Alaska","Chronic Health Indicators","Cardiovascular Disease","Ever told you had angina or coronary heart disease?","Yes","Asian, non-Hispanic","Race/Ethnicity","3",,,,"633","%","Crude Prevalence","*","Prevalence estimate not available if the unweighted sample size for the denominator was < 50 or the Relative Standard Error (RSE) is > 0.3 or if the state did not collect data for that calendar year.","BRFSS","CLASS03","TOPIC10","02","RACE04","CAT4","CVDCRHD4","RESP046","
,  
(64.84507995700051, -147.72205903599973)"
"2023","AK","Alaska","Chronic Health Indicators","Cardiovascular Disease","Ever told you had angina or coronary heart disease?","No","Asian, non-Hispanic","Race/Ethnicity","128","98.1","95.7","100","634","%","Crude Prevalence",,,"BRFSS","CLASS03","TOPIC10","02","RACE04","CAT4","CVDCRHD4","RESP054","
,  
(64.84507995700051, -147.72205903599973)"
"2023","AK","Alaska","Chronic Health Indicators","Cardiovascular Disease","Ever told you had angina or coronary heart disease?","Yes","Native Hawaiian or other Pacific Islander, non-Hispanic","Race/Ethnicity","0",,,,"635","%","Crude Prevalence","***","No responses for this data cell","BRFSS","CLASS03","TOPIC10","02","RACE05","CAT4","CVDCRHD4","RESP046","
,  
(64.84507995700051, -147.72205903599973)"
"2023","AK","Alaska","Chronic Health Indicators","Cardiovascular Disease","Ever told you had angina or coronary heart disease?","No","Native Hawaiian or other Pacific Islander, non-Hispanic","Race/Ethnicity","36",,,,"636","%","Crude Prevalence","*","Prevalence estimate not available if the unweighted sample size for the denominator was < 50 or the Relative Standard Error (RSE) is > 0.3 or if the state did not collect data for that calendar year.","BRFSS","CLASS03","TOPIC10","02","RACE05","CAT4","CVDCRHD4","RESP054","
,  
(64.84507995700051, -147.72205903599973)"
"2023","AK","Alaska","Chronic Health Indicators","Cardiovascular Disease","Ever told you had angina or coronary heart disease?","Yes","Other, non-Hispanic","Race/Ethnicity","4",,,,"637","%","Crude Prevalence","*","Prevalence estimate not available if the unweighted sample size for the denominator was < 50 or the Relative Standard Error (RSE) is > 0.3 or if the state did not collect data for that calendar year.","BRFSS","CLASS03","TOPIC10","02","RACE06","CAT4","CVDCRHD4","RESP046","
,  
(64.84507995700051, -147.72205903599973)"
"2023","AK","Alaska","Chronic Health Indicators","Cardiovascular Disease","Ever told you had angina or coronary heart disease?","No","Other, non-Hispanic","Race/Ethnicity","51","90.9","81.6","100","638","%","Crude Prevalence",,,"BRFSS","CLASS03","TOPIC10","02","RACE06","CAT4","CVDCRHD4","RESP054","
,  
(64.84507995700051, -147.72205903599973)"
"2023","AK","Alaska","Chronic Health Indicators","Cardiovascular Disease","Ever told you had angina or coronary heart disease?","Yes","Multiracial, non-Hispanic","Race/Ethnicity","7",,,,"639","%","Crude Prevalence","*","Prevalence estimate not available if the unweighted sample size for the denominator was < 50 or the Relative Standard Error (RSE) is > 0.3 or if the state did not collect data for that calendar year.","BRFSS","CLASS03","TOPIC10","02","RACE07","CAT4","CVDCRHD4","RESP046","
,  
(64.84507995700051, -147.72205903599973)"
"2023","AK","Alaska","Chronic Health Indicators","Cardiovascular Disease","Ever told you had angina or coronary heart disease?","No","Multiracial, non-Hispanic","Race/Ethnicity","289","97.9","96.1","99.7","640","%","Crude Prevalence",,,"BRFSS","CLASS03","TOPIC10","02","RACE07","CAT4","CVDCRHD4","RESP054","
,  
(64.84507995700051, -147.72205903599973)"
"2023","AK","Alaska","Chronic Health Indicators","Cardiovascular Disease","Ever told you had angina or coronary heart disease?","Yes","Hispanic","Race/Ethnicity","6",,,,"641","%","Crude Prevalence","*","Prevalence estimate not available if the unweighted sample size for the denominator was < 50 or the Relative Standard Error (RSE) is > 0.3 or if the state did not collect data for that calendar year.","BRFSS","CLASS03","TOPIC10","02","RACE08","CAT4","CVDCRHD4","RESP046","
,  
(64.84507995700051, -147.72205903599973)"
"2023","AK","Alaska","Chronic Health Indicators","Cardiovascular Disease","Ever told you had angina or coronary heart disease?","No","Hispanic","Race/Ethnicity","217","98.8","97.6","100","642","%","Crude Prevalence",,,"BRFSS","CLASS03","TOPIC10","02","RACE08","CAT4","CVDCRHD4","RESP054","
,  
(64.84507995700051, -147.72205903599973)"
"2023","AK","Alaska","Chronic Health Indicators","Cardiovascular Disease","Ever told you had angina or coronary heart disease?","Yes","Less than H.S.","Education Attained","18",,,,"643","%","Crude Prevalence","*","Prevalence estimate not available if the unweighted sample size for the denominator was < 50 or the Relative Standard Error (RSE) is > 0.3 or if the state did not collect data for that calendar year.","BRFSS","CLASS03","TOPIC10","02","EDUCA1","CAT5","CVDCRHD4","RESP046","
,  
(64.84507995700051, -147.72205903599973)"
"2023","AK","Alaska","Chronic Health Indicators","Cardiovascular Disease","Ever told you had angina or coronary heart disease?","No","Less than H.S.","Education Attained","185","94.8","91.4","98.1","644","%","Crude Prevalence",,,"BRFSS","CLASS03","TOPIC10","02","EDUCA1","CAT5","CVDCRHD4","RESP054","
,  
(64.84507995700051, -147.72205903599973)"
"2023","AK","Alaska","Chronic Health Indicators","Cardiovascular Disease","Ever told you had angina or coronary heart disease?","Yes","H.S. or G.E.D.","Education Attained","58","2.7","1.8","3.6","645","%","Crude Prevalence",,,"BRFSS","CLASS03","TOPIC10","02","EDUCA2","CAT5","CVDCRHD4","RESP046","
,  
(64.84507995700051, -147.72205903599973)"
"2023","AK","Alaska","Chronic Health Indicators","Cardiovascular Disease","Ever told you had angina or coronary heart disease?","No","H.S. or G.E.D.","Education Attained","1370","97.3","96.4","98.2","646","%","Crude Prevalence",,,"BRFSS","CLASS03","TOPIC10","02","EDUCA2","CAT5","CVDCRHD4","RESP054","
,  
(64.84507995700051, -147.72205903599973)"
"2023","AK","Alaska","Chronic Health Indicators","Cardiovascular Disease","Ever told you had angina or coronary heart disease?","Yes","Some post-H.S.","Education Attained","76","3.8","2.7","4.8","647","%","Crude Prevalence",,,"BRFSS","CLASS03","TOPIC10","02","EDUCA3","CAT5","CVDCRHD4","RESP046","
,  
(64.84507995700051, -147.72205903599973)"
"2023","AK","Alaska","Chronic Health Indicators","Cardiovascular Disease","Ever told you had angina or coronary heart disease?","No","Some post-H.S.","Education Attained","1471","96.2","95.2","97.3","648","%","Crude Prevalence",,,"BRFSS","CLASS03","TOPIC10","02","EDUCA3","CAT5","CVDCRHD4","RESP054","
,  
(64.84507995700051, -147.72205903599973)"
"2023","AK","Alaska","Chronic Health Indicators","Cardiovascular Disease","Ever told you had angina or coronary heart disease?","Yes","College graduate","Education Attained","86","2.8","2.1","3.6","649","%","Crude Prevalence",,,"BRFSS","CLASS03","TOPIC10","02","EDUCA4","CAT5","CVDCRHD4","RESP046","
,  
(64.84507995700051, -147.72205903599973)"
"2023","AK","Alaska","Chronic Health Indicators","Cardiovascular Disease","Ever told you had angina or coronary heart disease?","No","College graduate","Education Attained","2165","97.2","96.4","97.9","650","%","Crude Prevalence",,,"BRFSS","CLASS03","TOPIC10","02","EDUCA4","CAT5","CVDCRHD4","RESP054","
,  
(64.84507995700051, -147.72205903599973)"
"2023","AK","Alaska","Chronic Health Indicators","Cardiovascular Disease","Ever told you had angina or coronary heart disease?","Yes","Less than $15,000","Household Income","12",,,,"651","%","Crude Prevalence","*","Prevalence estimate not available if the unweighted sample size for the denominator was < 50 or the Relative Standard Error (RSE) is > 0.3 or if the state did not collect data for that calendar year.","BRFSS","CLASS03","TOPIC10","02","INCOME01","CAT6","CVDCRHD4","RESP046","
,  
(64.84507995700051, -147.72205903599973)"
"2023","AK","Alaska","Chronic Health Indicators","Cardiovascular Disease","Ever told you had angina or coronary heart disease?","No","Less than $15,000","Household Income","188","95.2","92","98.5","652","%","Crude Prevalence",,,"BRFSS","CLASS03","TOPIC10","02","INCOME01","CAT6","CVDCRHD4","RESP054","
,  
(64.84507995700051, -147.72205903599973)"
"2023","AK","Alaska","Chronic Health Indicators","Cardiovascular Disease","Ever told you had angina or coronary heart disease?","Yes","$15,000-$24,999","Household Income","22",,,,"653","%","Crude Prevalence","*","Prevalence estimate not available if the unweighted sample size for the denominator was < 50 or the Relative Standard Error (RSE) is > 0.3 or if the state did not collect data for that calendar year.","BRFSS","CLASS03","TOPIC10","02","INCOME02","CAT6","CVDCRHD4","RESP046","
,  
(64.84507995700051, -147.72205903599973)"
"2023","AK","Alaska","Chronic Health Indicators","Cardiovascular Disease","Ever told you had angina or coronary heart disease?","No","$15,000-$24,999","Household Income","281","92.3","87.6","96.9","654","%","Crude Prevalence",,,"BRFSS","CLASS03","TOPIC10","02","INCOME02","CAT6","CVDCRHD4","RESP054","
,  
(64.84507995700051, -147.72205903599973)"
"2023","AK","Alaska","Chronic Health Indicators","Cardiovascular Disease","Ever told you had angina or coronary heart disease?","Yes","$25,000-$34,999","Household Income","28","5.1","2.7","7.6","655","%","Crude Prevalence",,,"BRFSS","CLASS03","TOPIC10","02","INCOME03","CAT6","CVDCRHD4","RESP046","
,  
(64.84507995700051, -147.72205903599973)"
"2023","AK","Alaska","Chronic Health Indicators","Cardiovascular Disease","Ever told you had angina or coronary heart disease?","No","$25,000-$34,999","Household Income","374","94.9","92.4","97.3","656","%","Crude Prevalence",,,"BRFSS","CLASS03","TOPIC10","02","INCOME03","CAT6","CVDCRHD4","RESP054","
,  
(64.84507995700051, -147.72205903599973)"
"2023","AK","Alaska","Chronic Health Indicators","Cardiovascular Disease","Ever told you had angina or coronary heart disease?","Yes","$35,000-$49,999","Household Income","24","3","1.4","4.7","657","%","Crude Prevalence",,,"BRFSS","CLASS03","TOPIC10","02","INCOME04","CAT6","CVDCRHD4","RESP046","
,  
(64.84507995700051, -147.72205903599973)"
"2023","AK","Alaska","Chronic Health Indicators","Cardiovascular Disease","Ever told you had angina or coronary heart disease?","No","$35,000-$49,999","Household Income","482","97","95.3","98.6","658","%","Crude Prevalence",,,"BRFSS","CLASS03","TOPIC10","02","INCOME04","CAT6","CVDCRHD4","RESP054","
,  
(64.84507995700051, -147.72205903599973)"
"2023","AK","Alaska","Chronic Health Indicators","Cardiovascular Disease","Ever told you had angina or coronary heart disease?","Yes","$50,000-$99,999","Household Income","48","2.2","1.3","3","659","%","Crude Prevalence",,,"BRFSS","CLASS03","TOPIC10","02","INCOME05","CAT6","CVDCRHD4","RESP046","
,  
(64.84507995700051, -147.72205903599973)"
"2023","AK","Alaska","Chronic Health Indicators","Cardiovascular Disease","Ever told you had angina or coronary heart disease?","No","$50,000-$99,999","Household Income","1514","97.8","97","98.7","660","%","Crude Prevalence",,,"BRFSS","CLASS03","TOPIC10","02","INCOME05","CAT6","CVDCRHD4","RESP054","
,  
(64.84507995700051, -147.72205903599973)"
"2023","AK","Alaska","Chronic Health Indicators","Cardiovascular Disease","Ever told you had angina or coronary heart disease?","Yes","$100,000-$199,999","Household Income","38","2.4","1.4","3.4","661","%","Crude Prevalence",,,"BRFSS","CLASS03","TOPIC10","02","INCOME06","CAT6","CVDCRHD4","RESP046","
,  
(64.84507995700051, -147.72205903599973)"
"2023","AK","Alaska","Chronic Health Indicators","Cardiovascular Disease","Ever told you had angina or coronary heart disease?","No","$100,000-$199,999","Household Income","1133","97.6","96.6","98.6","662","%","Crude Prevalence",,,"BRFSS","CLASS03","TOPIC10","02","INCOME06","CAT6","CVDCRHD4","RESP054","
,  
(64.84507995700051, -147.72205903599973)"
"2023","AK","Alaska","Chronic Health Indicators","Cardiovascular Disease","Ever told you had angina or coronary heart disease?","Yes","$200,000+","Household Income","9",,,,"663","%","Crude Prevalence","*","Prevalence estimate not available if the unweighted sample size for the denominator was < 50 or the Relative Standard Error (RSE) is > 0.3 or if the state did not collect data for that calendar year.","BRFSS","CLASS03","TOPIC10","02","INCOME07","CAT6","CVDCRHD4","RESP046","
,  
(64.84507995700051, -147.72205903599973)"
"2023","AK","Alaska","Chronic Health Indicators","Cardiovascular Disease","Ever told you had angina or coronary heart disease?","No","$200,000+","Household Income","302","98","96.4","99.5","664","%","Crude Prevalence",,,"BRFSS","CLASS03","TOPIC10","02","INCOME07","CAT6","CVDCRHD4","RESP054","
,  
(64.84507995700051, -147.72205903599973)"
"2023","AK","Alaska","Chronic Health Indicators","Cardiovascular Disease","Ever told you had a heart attack (myocardial infarction)?","Yes","Overall","Overall","287","4","3.3","4.6","665","%","Crude Prevalence",,,"BRFSS","CLASS03","TOPIC10","02","BO1","CAT1","CVDINFR4","RESP046","
,  
(64.84507995700051, -147.72205903599973)"
"2023","AK","Alaska","Chronic Health Indicators","Cardiovascular Disease","Ever told you had a heart attack (myocardial infarction)?","No","Overall","Overall","5195","96","95.4","96.7","666","%","Crude Prevalence",,,"BRFSS","CLASS03","TOPIC10","02","BO1","CAT1","CVDINFR4","RESP054","
,  
(64.84507995700051, -147.72205903599973)"
"2023","AK","Alaska","Chronic Health Indicators","Cardiovascular Disease","Ever told you had a heart attack (myocardial infarction)?","Yes","Male","Sex","184","5.3","4.2","6.4","667","%","Crude Prevalence",,,"BRFSS","CLASS03","TOPIC10","02","SEX1","CAT2","CVDINFR4","RESP046","
,  
(64.84507995700051, -147.72205903599973)"
"2023","AK","Alaska","Chronic Health Indicators","Cardiovascular Disease","Ever told you had a heart attack (myocardial infarction)?","No","Male","Sex","2590","94.7","93.6","95.8","668","%","Crude Prevalence",,,"BRFSS","CLASS03","TOPIC10","02","SEX1","CAT2","CVDINFR4","RESP054","
,  
(64.84507995700051, -147.72205903599973)"
"2023","AK","Alaska","Chronic Health Indicators","Cardiovascular Disease","Ever told you had a heart attack (myocardial infarction)?","Yes","Female","Sex","103","2.6","1.9","3.3","669","%","Crude Prevalence",,,"BRFSS","CLASS03","TOPIC10","02","SEX2","CAT2","CVDINFR4","RESP046","
,  
(64.84507995700051, -147.72205903599973)"
"2023","AK","Alaska","Chronic Health Indicators","Cardiovascular Disease","Ever told you had a heart attack (myocardial infarction)?","No","Female","Sex","2605","97.4","96.7","98.1","670","%","Crude Prevalence",,,"BRFSS","CLASS03","TOPIC10","02","SEX2","CAT2","CVDINFR4","RESP054","
,  
(64.84507995700051, -147.72205903599973)"
"2023","AK","Alaska","Chronic Health Indicators","Cardiovascular Disease","Ever told you had a heart attack (myocardial infarction)?","Yes","18-24","Age Group","2",,,,"671","%","Crude Prevalence","*","Prevalence estimate not available if the unweighted sample size for the denominator was < 50 or the Relative Standard Error (RSE) is > 0.3 or if the state did not collect data for that calendar year.","BRFSS","CLASS03","TOPIC10","02","AGE01","CAT3","CVDINFR4","RESP046","
,  
(64.84507995700051, -147.72205903599973)"
"2023","AK","Alaska","Chronic Health Indicators","Cardiovascular Disease","Ever told you had a heart attack (myocardial infarction)?","No","18-24","Age Group","336","99.4","98.4","100","672","%","Crude Prevalence",,,"BRFSS","CLASS03","TOPIC10","02","AGE01","CAT3","CVDINFR4","RESP054","
,  
(64.84507995700051, -147.72205903599973)"
"2023","AK","Alaska","Chronic Health Indicators","Cardiovascular Disease","Ever told you had a heart attack (myocardial infarction)?","Yes","25-34","Age Group","3",,,,"673","%","Crude Prevalence","*","Prevalence estimate not available if the unweighted sample size for the denominator was < 50 or the Relative Standard Error (RSE) is > 0.3 or if the state did not collect data for that calendar year.","BRFSS","CLASS03","TOPIC10","02","AGE02","CAT3","CVDINFR4","RESP046","
,  
(64.84507995700051, -147.72205903599973)"
"2023","AK","Alaska","Chronic Health Indicators","Cardiovascular Disease","Ever told you had a heart attack (myocardial infarction)?","No","25-34","Age Group","624","99.4","98.8","100","674","%","Crude Prevalence",,,"BRFSS","CLASS03","TOPIC10","02","AGE02","CAT3","CVDINFR4","RESP054","
,  
(64.84507995700051, -147.72205903599973)"
"2023","AK","Alaska","Chronic Health Indicators","Cardiovascular Disease","Ever told you had a heart attack (myocardial infarction)?","Yes","35-44","Age Group","11",,,,"675","%","Crude Prevalence","*","Prevalence estimate not available if the unweighted sample size for the denominator was < 50 or the Relative Standard Error (RSE) is > 0.3 or if the state did not collect data for that calendar year.","BRFSS","CLASS03","TOPIC10","02","AGE03","CAT3","CVDINFR4","RESP046","
,  
(64.84507995700051, -147.72205903599973)"
"2023","AK","Alaska","Chronic Health Indicators","Cardiovascular Disease","Ever told you had a heart attack (myocardial infarction)?","No","35-44","Age Group","801","98.5","97.4","99.6","676","%","Crude Prevalence",,,"BRFSS","CLASS03","TOPIC10","02","AGE03","CAT3","CVDINFR4","RESP054","
,  
(64.84507995700051, -147.72205903599973)"
"2023","AK","Alaska","Chronic Health Indicators","Cardiovascular Disease","Ever told you had a heart attack (myocardial infarction)?","Yes","45-54","Age Group","26","3.7","2.1","5.2","677","%","Crude Prevalence",,,"BRFSS","CLASS03","TOPIC10","02","AGE04","CAT3","CVDINFR4","RESP046","
,  
(64.84507995700051, -147.72205903599973)"
"2023","AK","Alaska","Chronic Health Indicators","Cardiovascular Disease","Ever told you had a heart attack (myocardial infarction)?","No","45-54","Age Group","819","96.3","94.8","97.9","678","%","Crude Prevalence",,,"BRFSS","CLASS03","TOPIC10","02","AGE04","CAT3","CVDINFR4","RESP054","
,  
(64.84507995700051, -147.72205903599973)"
"2023","AK","Alaska","Chronic Health Indicators","Cardiovascular Disease","Ever told you had a heart attack (myocardial infarction)?","Yes","55-64","Age Group","67","7.5","5","10.1","679","%","Crude Prevalence",,,"BRFSS","CLASS03","TOPIC10","02","AGE05","CAT3","CVDINFR4","RESP046","
,  
(64.84507995700051, -147.72205903599973)"
"2023","AK","Alaska","Chronic Health Indicators","Cardiovascular Disease","Ever told you had a heart attack (myocardial infarction)?","No","55-64","Age Group","947","92.5","89.9","95","680","%","Crude Prevalence",,,"BRFSS","CLASS03","TOPIC10","02","AGE05","CAT3","CVDINFR4","RESP054","
,  
(64.84507995700051, -147.72205903599973)"
"2023","AK","Alaska","Chronic Health Indicators","Cardiovascular Disease","Ever told you had a heart attack (myocardial infarction)?","Yes","65+","Age Group","178","9","7.1","10.9","681","%","Crude Prevalence",,,"BRFSS","CLASS03","TOPIC10","02","AGE09","CAT3","CVDINFR4","RESP046","
,  
(64.84507995700051, -147.72205903599973)"
"2023","AK","Alaska","Chronic Health Indicators","Cardiovascular Disease","Ever told you had a heart attack (myocardial infarction)?","No","65+","Age Group","1668","91","89.1","92.9","682","%","Crude Prevalence",,,"BRFSS","CLASS03","TOPIC10","02","AGE09","CAT3","CVDINFR4","RESP054","
,  
(64.84507995700051, -147.72205903599973)"
"2023","AK","Alaska","Chronic Health Indicators","Cardiovascular Disease","Ever told you had a heart attack (myocardial infarction)?","Yes","White, non-Hispanic","Race/Ethnicity","219","4.4","3.6","5.2","683","%","Crude Prevalence",,,"BRFSS","CLASS03","TOPIC10","02","RACE01","CAT4","CVDINFR4","RESP046","
,  
(64.84507995700051, -147.72205903599973)"
"2023","AK","Alaska","Chronic Health Indicators","Cardiovascular Disease","Ever told you had a heart attack (myocardial infarction)?","No","White, non-Hispanic","Race/Ethnicity","3730","95.6","94.8","96.4","684","%","Crude Prevalence",,,"BRFSS","CLASS03","TOPIC10","02","RACE01","CAT4","CVDINFR4","RESP054","
,  
(64.84507995700051, -147.72205903599973)"
"2023","AK","Alaska","Chronic Health Indicators","Cardiovascular Disease","Ever told you had a heart attack (myocardial infarction)?","Yes","Black, non-Hispanic","Race/Ethnicity","6",,,,"685","%","Crude Prevalence","*","Prevalence estimate not available if the unweighted sample size for the denominator was < 50 or the Relative Standard Error (RSE) is > 0.3 or if the state did not collect data for that calendar year.","BRFSS","CLASS03","TOPIC10","02","RACE02","CAT4","CVDINFR4","RESP046","
,  
(64.84507995700051, -147.72205903599973)"
"2023","AK","Alaska","Chronic Health Indicators","Cardiovascular Disease","Ever told you had a heart attack (myocardial infarction)?","No","Black, non-Hispanic","Race/Ethnicity","123","93.8","88.6","99.1","686","%","Crude Prevalence",,,"BRFSS","CLASS03","TOPIC10","02","RACE02","CAT4","CVDINFR4","RESP054","
,  
(64.84507995700051, -147.72205903599973)"
"2023","AK","Alaska","Chronic Health Indicators","Cardiovascular Disease","Ever told you had a heart attack (myocardial infarction)?","Yes","American Indian or Alaskan Native, non-Hispanic","Race/Ethnicity","41","4.9","2.4","7.4","687","%","Crude Prevalence",,,"BRFSS","CLASS03","TOPIC10","02","RACE03","CAT4","CVDINFR4","RESP046","
,  
(64.84507995700051, -147.72205903599973)"
"2023","AK","Alaska","Chronic Health Indicators","Cardiovascular Disease","Ever told you had a heart attack (myocardial infarction)?","No","American Indian or Alaskan Native, non-Hispanic","Race/Ethnicity","623","95.1","92.6","97.6","688","%","Crude Prevalence",,,"BRFSS","CLASS03","TOPIC10","02","RACE03","CAT4","CVDINFR4","RESP054","
,  
(64.84507995700051, -147.72205903599973)"
"2023","AK","Alaska","Chronic Health Indicators","Cardiovascular Disease","Ever told you had a heart attack (myocardial infarction)?","Yes","Asian, non-Hispanic","Race/Ethnicity","0",,,,"689","%","Crude Prevalence","***","No responses for this data cell","BRFSS","CLASS03","TOPIC10","02","RACE04","CAT4","CVDINFR4","RESP046","
,  
(64.84507995700051, -147.72205903599973)"
"2023","AK","Alaska","Chronic Health Indicators","Cardiovascular Disease","Ever told you had a heart attack (myocardial infarction)?","No","Asian, non-Hispanic","Race/Ethnicity","129","100","100","100","690","%","Crude Prevalence",,,"BRFSS","CLASS03","TOPIC10","02","RACE04","CAT4","CVDINFR4","RESP054","
,  
(64.84507995700051, -147.72205903599973)"
"2023","AK","Alaska","Chronic Health Indicators","Cardiovascular Disease","Ever told you had a heart attack (myocardial infarction)?","Yes","Native Hawaiian or other Pacific Islander, non-Hispanic","Race/Ethnicity","2",,,,"691","%","Crude Prevalence","*","Prevalence estimate not available if the unweighted sample size for the denominator was < 50 or the Relative Standard Error (RSE) is > 0.3 or if the state did not collect data for that calendar year.","BRFSS","CLASS03","TOPIC10","02","RACE05","CAT4","CVDINFR4","RESP046","
,  
(64.84507995700051, -147.72205903599973)"
"2023","AK","Alaska","Chronic Health Indicators","Cardiovascular Disease","Ever told you had a heart attack (myocardial infarction)?","No","Native Hawaiian or other Pacific Islander, non-Hispanic","Race/Ethnicity","33",,,,"692","%","Crude Prevalence","*","Prevalence estimate not available if the unweighted sample size for the denominator was < 50 or the Relative Standard Error (RSE) is > 0.3 or if the state did not collect data for that calendar year.","BRFSS","CLASS03","TOPIC10","02","RACE05","CAT4","CVDINFR4","RESP054","
,  
(64.84507995700051, -147.72205903599973)"
"2023","AK","Alaska","Chronic Health Indicators","Cardiovascular Disease","Ever told you had a heart attack (myocardial infarction)?","Yes","Other, non-Hispanic","Race/Ethnicity","4",,,,"693","%","Crude Prevalence","*","Prevalence estimate not available if the unweighted sample size for the denominator was < 50 or the Relative Standard Error (RSE) is > 0.3 or if the state did not collect data for that calendar year.","BRFSS","CLASS03","TOPIC10","02","RACE06","CAT4","CVDINFR4","RESP046","
,  
(64.84507995700051, -147.72205903599973)"
"2023","AK","Alaska","Chronic Health Indicators","Cardiovascular Disease","Ever told you had a heart attack (myocardial infarction)?","No","Other, non-Hispanic","Race/Ethnicity","50","90.5","81","100","694","%","Crude Prevalence",,,"BRFSS","CLASS03","TOPIC10","02","RACE06","CAT4","CVDINFR4","RESP054","
,  
(64.84507995700051, -147.72205903599973)"
"2023","AK","Alaska","Chronic Health Indicators","Cardiovascular Disease","Ever told you had a heart attack (myocardial infarction)?","Yes","Multiracial, non-Hispanic","Race/Ethnicity","9",,,,"695","%","Crude Prevalence","*","Prevalence estimate not available if the unweighted sample size for the denominator was < 50 or the Relative Standard Error (RSE) is > 0.3 or if the state did not collect data for that calendar year.","BRFSS","CLASS03","TOPIC10","02","RACE07","CAT4","CVDINFR4","RESP046","
,  
(64.84507995700051, -147.72205903599973)"
"2023","AK","Alaska","Chronic Health Indicators","Cardiovascular Disease","Ever told you had a heart attack (myocardial infarction)?","No","Multiracial, non-Hispanic","Race/Ethnicity","288","98","96.5","99.5","696","%","Crude Prevalence",,,"BRFSS","CLASS03","TOPIC10","02","RACE07","CAT4","CVDINFR4","RESP054","
,  
(64.84507995700051, -147.72205903599973)"
"2023","AK","Alaska","Chronic Health Indicators","Cardiovascular Disease","Ever told you had a heart attack (myocardial infarction)?","Yes","Hispanic","Race/Ethnicity","6",,,,"697","%","Crude Prevalence","*","Prevalence estimate not available if the unweighted sample size for the denominator was < 50 or the Relative Standard Error (RSE) is > 0.3 or if the state did not collect data for that calendar year.","BRFSS","CLASS03","TOPIC10","02","RACE08","CAT4","CVDINFR4","RESP046","
,  
(64.84507995700051, -147.72205903599973)"
"2023","AK","Alaska","Chronic Health Indicators","Cardiovascular Disease","Ever told you had a heart attack (myocardial infarction)?","No","Hispanic","Race/Ethnicity","216","98.1","96","100","698","%","Crude Prevalence",,,"BRFSS","CLASS03","TOPIC10","02","RACE08","CAT4","CVDINFR4","RESP054","
,  
(64.84507995700051, -147.72205903599973)"
"2023","AK","Alaska","Chronic Health Indicators","Cardiovascular Disease","Ever told you had a heart attack (myocardial infarction)?","Yes","Less than H.S.","Education Attained","17",,,,"699","%","Crude Prevalence","*","Prevalence estimate not available if the unweighted sample size for the denominator was < 50 or the Relative Standard Error (RSE) is > 0.3 or if the state did not collect data for that calendar year.","BRFSS","CLASS03","TOPIC10","02","EDUCA1","CAT5","CVDINFR4","RESP046","
,  
(64.84507995700051, -147.72205903599973)"
"2023","AK","Alaska","Chronic Health Indicators","Cardiovascular Disease","Ever told you had a heart attack (myocardial infarction)?","No","Less than H.S.","Education Attained","183","94","90.4","97.7","700","%","Crude Prevalence",,,"BRFSS","CLASS03","TOPIC10","02","EDUCA1","CAT5","CVDINFR4","RESP054","
,  
(64.84507995700051, -147.72205903599973)"
"2023","AK","Alaska","Chronic Health Indicators","Cardiovascular Disease","Ever told you had a heart attack (myocardial infarction)?","Yes","H.S. or G.E.D.","Education Attained","80","3.4","2.4","4.3","701","%","Crude Prevalence",,,"BRFSS","CLASS03","TOPIC10","02","EDUCA2","CAT5","CVDINFR4","RESP046","
,  
(64.84507995700051, -147.72205903599973)"
"2023","AK","Alaska","Chronic Health Indicators","Cardiovascular Disease","Ever told you had a heart attack (myocardial infarction)?","No","H.S. or G.E.D.","Education Attained","1346","96.6","95.7","97.6","702","%","Crude Prevalence",,,"BRFSS","CLASS03","TOPIC10","02","EDUCA2","CAT5","CVDINFR4","RESP054","
,  
(64.84507995700051, -147.72205903599973)"
"2023","AK","Alaska","Chronic Health Indicators","Cardiovascular Disease","Ever told you had a heart attack (myocardial infarction)?","Yes","Some post-H.S.","Education Attained","100","5.2","3.8","6.6","703","%","Crude Prevalence",,,"BRFSS","CLASS03","TOPIC10","02","EDUCA3","CAT5","CVDINFR4","RESP046","
,  
(64.84507995700051, -147.72205903599973)"
"2023","AK","Alaska","Chronic Health Indicators","Cardiovascular Disease","Ever told you had a heart attack (myocardial infarction)?","No","Some post-H.S.","Education Attained","1461","94.8","93.4","96.2","704","%","Crude Prevalence",,,"BRFSS","CLASS03","TOPIC10","02","EDUCA3","CAT5","CVDINFR4","RESP054","
,  
(64.84507995700051, -147.72205903599973)"
"2023","AK","Alaska","Chronic Health Indicators","Cardiovascular Disease","Ever told you had a heart attack (myocardial infarction)?","Yes","College graduate","Education Attained","90","2.8","2","3.6","705","%","Crude Prevalence",,,"BRFSS","CLASS03","TOPIC10","02","EDUCA4","CAT5","CVDINFR4","RESP046","
,  
(64.84507995700051, -147.72205903599973)"
"2023","AK","Alaska","Chronic Health Indicators","Cardiovascular Disease","Ever told you had a heart attack (myocardial infarction)?","No","College graduate","Education Attained","2173","97.2","96.4","98","706","%","Crude Prevalence",,,"BRFSS","CLASS03","TOPIC10","02","EDUCA4","CAT5","CVDINFR4","RESP054","
,  
(64.84507995700051, -147.72205903599973)"
"2023","AK","Alaska","Chronic Health Indicators","Cardiovascular Disease","Ever told you had a heart attack (myocardial infarction)?","Yes","Less than $15,000","Household Income","22","8.6","4.4","12.8","707","%","Crude Prevalence",,,"BRFSS","CLASS03","TOPIC10","02","INCOME01","CAT6","CVDINFR4","RESP046","
,  
(64.84507995700051, -147.72205903599973)"
"2023","AK","Alaska","Chronic Health Indicators","Cardiovascular Disease","Ever told you had a heart attack (myocardial infarction)?","No","Less than $15,000","Household Income","179","91.4","87.2","95.6","708","%","Crude Prevalence",,,"BRFSS","CLASS03","TOPIC10","02","INCOME01","CAT6","CVDINFR4","RESP054","
,  
(64.84507995700051, -147.72205903599973)"
"2023","AK","Alaska","Chronic Health Indicators","Cardiovascular Disease","Ever told you had a heart attack (myocardial infarction)?","Yes","$15,000-$24,999","Household Income","28",,,,"709","%","Crude Prevalence","*","Prevalence estimate not available if the unweighted sample size for the denominator was < 50 or the Relative Standard Error (RSE) is > 0.3 or if the state did not collect data for that calendar year.","BRFSS","CLASS03","TOPIC10","02","INCOME02","CAT6","CVDINFR4","RESP046","
,  
(64.84507995700051, -147.72205903599973)"
"2023","AK","Alaska","Chronic Health Indicators","Cardiovascular Disease","Ever told you had a heart attack (myocardial infarction)?","No","$15,000-$24,999","Household Income","276","93","88.8","97.3","710","%","Crude Prevalence",,,"BRFSS","CLASS03","TOPIC10","02","INCOME02","CAT6","CVDINFR4","RESP054","
,  
(64.84507995700051, -147.72205903599973)"
"2023","AK","Alaska","Chronic Health Indicators","Cardiovascular Disease","Ever told you had a heart attack (myocardial infarction)?","Yes","$25,000-$34,999","Household Income","34","6.6","4","9.2","711","%","Crude Prevalence",,,"BRFSS","CLASS03","TOPIC10","02","INCOME03","CAT6","CVDINFR4","RESP046","
,  
(64.84507995700051, -147.72205903599973)"
"2023","AK","Alaska","Chronic Health Indicators","Cardiovascular Disease","Ever told you had a heart attack (myocardial infarction)?","No","$25,000-$34,999","Household Income","368","93.4","90.8","96","712","%","Crude Prevalence",,,"BRFSS","CLASS03","TOPIC10","02","INCOME03","CAT6","CVDINFR4","RESP054","
,  
(64.84507995700051, -147.72205903599973)"
"2023","AK","Alaska","Chronic Health Indicators","Cardiovascular Disease","Ever told you had a heart attack (myocardial infarction)?","Yes","$35,000-$49,999","Household Income","29","3.2","1.7","4.8","713","%","Crude Prevalence",,,"BRFSS","CLASS03","TOPIC10","02","INCOME04","CAT6","CVDINFR4","RESP046","
,  
(64.84507995700051, -147.72205903599973)"
"2023","AK","Alaska","Chronic Health Indicators","Cardiovascular Disease","Ever told you had a heart attack (myocardial infarction)?","No","$35,000-$49,999","Household Income","475","96.8","95.2","98.3","714","%","Crude Prevalence",,,"BRFSS","CLASS03","TOPIC10","02","INCOME04","CAT6","CVDINFR4","RESP054","
,  
(64.84507995700051, -147.72205903599973)"
"2023","AK","Alaska","Chronic Health Indicators","Cardiovascular Disease","Ever told you had a heart attack (myocardial infarction)?","Yes","$50,000-$99,999","Household Income","60","3.2","1.8","4.6","715","%","Crude Prevalence",,,"BRFSS","CLASS03","TOPIC10","02","INCOME05","CAT6","CVDINFR4","RESP046","
,  
(64.84507995700051, -147.72205903599973)"
"2023","AK","Alaska","Chronic Health Indicators","Cardiovascular Disease","Ever told you had a heart attack (myocardial infarction)?","No","$50,000-$99,999","Household Income","1506","96.8","95.4","98.2","716","%","Crude Prevalence",,,"BRFSS","CLASS03","TOPIC10","02","INCOME05","CAT6","CVDINFR4","RESP054","
,  
(64.84507995700051, -147.72205903599973)"
"2023","AK","Alaska","Chronic Health Indicators","Cardiovascular Disease","Ever told you had a heart attack (myocardial infarction)?","Yes","$100,000-$199,999","Household Income","46","3.4","2.1","4.8","717","%","Crude Prevalence",,,"BRFSS","CLASS03","TOPIC10","02","INCOME06","CAT6","CVDINFR4","RESP046","
,  
(64.84507995700051, -147.72205903599973)"
"2023","AK","Alaska","Chronic Health Indicators","Cardiovascular Disease","Ever told you had a heart attack (myocardial infarction)?","No","$100,000-$199,999","Household Income","1129","96.6","95.2","97.9","718","%","Crude Prevalence",,,"BRFSS","CLASS03","TOPIC10","02","INCOME06","CAT6","CVDINFR4","RESP054","
,  
(64.84507995700051, -147.72205903599973)"
"2023","AK","Alaska","Chronic Health Indicators","Cardiovascular Disease","Ever told you had a heart attack (myocardial infarction)?","Yes","$200,000+","Household Income","7",,,,"719","%","Crude Prevalence","*","Prevalence estimate not available if the unweighted sample size for the denominator was < 50 or the Relative Standard Error (RSE) is > 0.3 or if the state did not collect data for that calendar year.","BRFSS","CLASS03","TOPIC10","02","INCOME07","CAT6","CVDINFR4","RESP046","
,  
(64.84507995700051, -147.72205903599973)"
"2023","AK","Alaska","Chronic Health Indicators","Cardiovascular Disease","Ever told you had a heart attack (myocardial infarction)?","No","$200,000+","Household Income","304","98.4","96.6","100","720","%","Crude Prevalence",,,"BRFSS","CLASS03","TOPIC10","02","INCOME07","CAT6","CVDINFR4","RESP054","
,  
(64.84507995700051, -147.72205903599973)"
"2023","AK","Alaska","Chronic Health Indicators","Cardiovascular Disease","Ever told you had a stroke?","Yes","Overall","Overall","211","3.1","2.6","3.7","721","%","Crude Prevalence",,,"BRFSS","CLASS03","TOPIC10","02","BO1","CAT1","CVDSTRK3","RESP046","
,  
(64.84507995700051, -147.72205903599973)"
"2023","AK","Alaska","Chronic Health Indicators","Cardiovascular Disease","Ever told you had a stroke?","No","Overall","Overall","5286","96.9","96.3","97.4","722","%","Crude Prevalence",,,"BRFSS","CLASS03","TOPIC10","02","BO1","CAT1","CVDSTRK3","RESP054","
,  
(64.84507995700051, -147.72205903599973)"
"2023","AK","Alaska","Chronic Health Indicators","Cardiovascular Disease","Ever told you had a stroke?","Yes","Male","Sex","119","3.2","2.5","3.9","723","%","Crude Prevalence",,,"BRFSS","CLASS03","TOPIC10","02","SEX1","CAT2","CVDSTRK3","RESP046","
,  
(64.84507995700051, -147.72205903599973)"
"2023","AK","Alaska","Chronic Health Indicators","Cardiovascular Disease","Ever told you had a stroke?","No","Male","Sex","2671","96.8","96.1","97.5","724","%","Crude Prevalence",,,"BRFSS","CLASS03","TOPIC10","02","SEX1","CAT2","CVDSTRK3","RESP054","
,  
(64.84507995700051, -147.72205903599973)"
"2023","AK","Alaska","Chronic Health Indicators","Cardiovascular Disease","Ever told you had a stroke?","Yes","Female","Sex","92","3","2.2","3.9","725","%","Crude Prevalence",,,"BRFSS","CLASS03","TOPIC10","02","SEX2","CAT2","CVDSTRK3","RESP046","
,  
(64.84507995700051, -147.72205903599973)"
"2023","AK","Alaska","Chronic Health Indicators","Cardiovascular Disease","Ever told you had a stroke?","No","Female","Sex","2615","97","96.1","97.8","726","%","Crude Prevalence",,,"BRFSS","CLASS03","TOPIC10","02","SEX2","CAT2","CVDSTRK3","RESP054","
,  
(64.84507995700051, -147.72205903599973)"
"2023","AK","Alaska","Chronic Health Indicators","Cardiovascular Disease","Ever told you had a stroke?","Yes","18-24","Age Group","2",,,,"727","%","Crude Prevalence","*","Prevalence estimate not available if the unweighted sample size for the denominator was < 50 or the Relative Standard Error (RSE) is > 0.3 or if the state did not collect data for that calendar year.","BRFSS","CLASS03","TOPIC10","02","AGE01","CAT3","CVDSTRK3","RESP046","
,  
(64.84507995700051, -147.72205903599973)"
"2023","AK","Alaska","Chronic Health Indicators","Cardiovascular Disease","Ever told you had a stroke?","No","18-24","Age Group","337","99.4","98.7","100","728","%","Crude Prevalence",,,"BRFSS","CLASS03","TOPIC10","02","AGE01","CAT3","CVDSTRK3","RESP054","
,  
(64.84507995700051, -147.72205903599973)"
"2023","AK","Alaska","Chronic Health Indicators","Cardiovascular Disease","Ever told you had a stroke?","Yes","25-34","Age Group","1",,,,"729","%","Crude Prevalence","*","Prevalence estimate not available if the unweighted sample size for the denominator was < 50 or the Relative Standard Error (RSE) is > 0.3 or if the state did not collect data for that calendar year.","BRFSS","CLASS03","TOPIC10","02","AGE02","CAT3","CVDSTRK3","RESP046","
,  
(64.84507995700051, -147.72205903599973)"
"2023","AK","Alaska","Chronic Health Indicators","Cardiovascular Disease","Ever told you had a stroke?","No","25-34","Age Group","630","99.4","98.2","100","730","%","Crude Prevalence",,,"BRFSS","CLASS03","TOPIC10","02","AGE02","CAT3","CVDSTRK3","RESP054","
,  
(64.84507995700051, -147.72205903599973)"
"2023","AK","Alaska","Chronic Health Indicators","Cardiovascular Disease","Ever told you had a stroke?","Yes","35-44","Age Group","10",,,,"731","%","Crude Prevalence","*","Prevalence estimate not available if the unweighted sample size for the denominator was < 50 or the Relative Standard Error (RSE) is > 0.3 or if the state did not collect data for that calendar year.","BRFSS","CLASS03","TOPIC10","02","AGE03","CAT3","CVDSTRK3","RESP046","
,  
(64.84507995700051, -147.72205903599973)"
"2023","AK","Alaska","Chronic Health Indicators","Cardiovascular Disease","Ever told you had a stroke?","No","35-44","Age Group","804","98.9","98.1","99.7","732","%","Crude Prevalence",,,"BRFSS","CLASS03","TOPIC10","02","AGE03","CAT3","CVDSTRK3","RESP054","
,  
(64.84507995700051, -147.72205903599973)"
"2023","AK","Alaska","Chronic Health Indicators","Cardiovascular Disease","Ever told you had a stroke?","Yes","45-54","Age Group","14","1.8","0.8","2.8","733","%","Crude Prevalence",,,"BRFSS","CLASS03","TOPIC10","02","AGE04","CAT3","CVDSTRK3","RESP046","
,  
(64.84507995700051, -147.72205903599973)"
"2023","AK","Alaska","Chronic Health Indicators","Cardiovascular Disease","Ever told you had a stroke?","No","45-54","Age Group","833","98.2","97.2","99.2","734","%","Crude Prevalence",,,"BRFSS","CLASS03","TOPIC10","02","AGE04","CAT3","CVDSTRK3","RESP054","
,  
(64.84507995700051, -147.72205903599973)"
"2023","AK","Alaska","Chronic Health Indicators","Cardiovascular Disease","Ever told you had a stroke?","Yes","55-64","Age Group","48","4.5","2.9","6","735","%","Crude Prevalence",,,"BRFSS","CLASS03","TOPIC10","02","AGE05","CAT3","CVDSTRK3","RESP046","
,  
(64.84507995700051, -147.72205903599973)"
"2023","AK","Alaska","Chronic Health Indicators","Cardiovascular Disease","Ever told you had a stroke?","No","55-64","Age Group","970","95.5","94","97.1","736","%","Crude Prevalence",,,"BRFSS","CLASS03","TOPIC10","02","AGE05","CAT3","CVDSTRK3","RESP054","
,  
(64.84507995700051, -147.72205903599973)"
"2023","AK","Alaska","Chronic Health Indicators","Cardiovascular Disease","Ever told you had a stroke?","Yes","65+","Age Group","136","8.9","6.9","10.8","737","%","Crude Prevalence",,,"BRFSS","CLASS03","TOPIC10","02","AGE09","CAT3","CVDSTRK3","RESP046","
,  
(64.84507995700051, -147.72205903599973)"
"2023","AK","Alaska","Chronic Health Indicators","Cardiovascular Disease","Ever told you had a stroke?","No","65+","Age Group","1712","91.1","89.2","93.1","738","%","Crude Prevalence",,,"BRFSS","CLASS03","TOPIC10","02","AGE09","CAT3","CVDSTRK3","RESP054","
,  
(64.84507995700051, -147.72205903599973)"
"2023","AK","Alaska","Chronic Health Indicators","Cardiovascular Disease","Ever told you had a stroke?","Yes","White, non-Hispanic","Race/Ethnicity","154","3.3","2.6","4","739","%","Crude Prevalence",,,"BRFSS","CLASS03","TOPIC10","02","RACE01","CAT4","CVDSTRK3","RESP046","
,  
(64.84507995700051, -147.72205903599973)"
"2023","AK","Alaska","Chronic Health Indicators","Cardiovascular Disease","Ever told you had a stroke?","No","White, non-Hispanic","Race/Ethnicity","3802","96.7","96","97.4","740","%","Crude Prevalence",,,"BRFSS","CLASS03","TOPIC10","02","RACE01","CAT4","CVDSTRK3","RESP054","
,  
(64.84507995700051, -147.72205903599973)"
"2023","AK","Alaska","Chronic Health Indicators","Cardiovascular Disease","Ever told you had a stroke?","Yes","Black, non-Hispanic","Race/Ethnicity","9",,,,"741","%","Crude Prevalence","*","Prevalence estimate not available if the unweighted sample size for the denominator was < 50 or the Relative Standard Error (RSE) is > 0.3 or if the state did not collect data for that calendar year.","BRFSS","CLASS03","TOPIC10","02","RACE02","CAT4","CVDSTRK3","RESP046","
,  
(64.84507995700051, -147.72205903599973)"
"2023","AK","Alaska","Chronic Health Indicators","Cardiovascular Disease","Ever told you had a stroke?","No","Black, non-Hispanic","Race/Ethnicity","120","93.5","88.9","98.2","742","%","Crude Prevalence",,,"BRFSS","CLASS03","TOPIC10","02","RACE02","CAT4","CVDSTRK3","RESP054","
,  
(64.84507995700051, -147.72205903599973)"
"2023","AK","Alaska","Chronic Health Indicators","Cardiovascular Disease","Ever told you had a stroke?","Yes","American Indian or Alaskan Native, non-Hispanic","Race/Ethnicity","34","4.1","2.4","5.8","743","%","Crude Prevalence",,,"BRFSS","CLASS03","TOPIC10","02","RACE03","CAT4","CVDSTRK3","RESP046","
,  
(64.84507995700051, -147.72205903599973)"
"2023","AK","Alaska","Chronic Health Indicators","Cardiovascular Disease","Ever told you had a stroke?","No","American Indian or Alaskan Native, non-Hispanic","Race/Ethnicity","634","95.9","94.2","97.6","744","%","Crude Prevalence",,,"BRFSS","CLASS03","TOPIC10","02","RACE03","CAT4","CVDSTRK3","RESP054","
,  
(64.84507995700051, -147.72205903599973)"
"2023","AK","Alaska","Chronic Health Indicators","Cardiovascular Disease","Ever told you had a stroke?","Yes","Asian, non-Hispanic","Race/Ethnicity","2",,,,"745","%","Crude Prevalence","*","Prevalence estimate not available if the unweighted sample size for the denominator was < 50 or the Relative Standard Error (RSE) is > 0.3 or if the state did not collect data for that calendar year.","BRFSS","CLASS03","TOPIC10","02","RACE04","CAT4","CVDSTRK3","RESP046","
,  
(64.84507995700051, -147.72205903599973)"
"2023","AK","Alaska","Chronic Health Indicators","Cardiovascular Disease","Ever told you had a stroke?","No","Asian, non-Hispanic","Race/Ethnicity","129","99","97.6","100","746","%","Crude Prevalence",,,"BRFSS","CLASS03","TOPIC10","02","RACE04","CAT4","CVDSTRK3","RESP054","
,  
(64.84507995700051, -147.72205903599973)"
"2023","AK","Alaska","Chronic Health Indicators","Cardiovascular Disease","Ever told you had a stroke?","Yes","Native Hawaiian or other Pacific Islander, non-Hispanic","Race/Ethnicity","0",,,,"747","%","Crude Prevalence","***","No responses for this data cell","BRFSS","CLASS03","TOPIC10","02","RACE05","CAT4","CVDSTRK3","RESP046","
,  
(64.84507995700051, -147.72205903599973)"
"2023","AK","Alaska","Chronic Health Indicators","Cardiovascular Disease","Ever told you had a stroke?","No","Native Hawaiian or other Pacific Islander, non-Hispanic","Race/Ethnicity","36",,,,"748","%","Crude Prevalence","*","Prevalence estimate not available if the unweighted sample size for the denominator was < 50 or the Relative Standard Error (RSE) is > 0.3 or if the state did not collect data for that calendar year.","BRFSS","CLASS03","TOPIC10","02","RACE05","CAT4","CVDSTRK3","RESP054","
,  
(64.84507995700051, -147.72205903599973)"
"2023","AK","Alaska","Chronic Health Indicators","Cardiovascular Disease","Ever told you had a stroke?","Yes","Other, non-Hispanic","Race/Ethnicity","2",,,,"749","%","Crude Prevalence","*","Prevalence estimate not available if the unweighted sample size for the denominator was < 50 or the Relative Standard Error (RSE) is > 0.3 or if the state did not collect data for that calendar year.","BRFSS","CLASS03","TOPIC10","02","RACE06","CAT4","CVDSTRK3","RESP046","
,  
(64.84507995700051, -147.72205903599973)"
"2023","AK","Alaska","Chronic Health Indicators","Cardiovascular Disease","Ever told you had a stroke?","No","Other, non-Hispanic","Race/Ethnicity","52","94.2","86.2","100","750","%","Crude Prevalence",,,"BRFSS","CLASS03","TOPIC10","02","RACE06","CAT4","CVDSTRK3","RESP054","
,  
(64.84507995700051, -147.72205903599973)"
"2023","AK","Alaska","Chronic Health Indicators","Cardiovascular Disease","Ever told you had a stroke?","Yes","Multiracial, non-Hispanic","Race/Ethnicity","7",,,,"751","%","Crude Prevalence","*","Prevalence estimate not available if the unweighted sample size for the denominator was < 50 or the Relative Standard Error (RSE) is > 0.3 or if the state did not collect data for that calendar year.","BRFSS","CLASS03","TOPIC10","02","RACE07","CAT4","CVDSTRK3","RESP046","
,  
(64.84507995700051, -147.72205903599973)"
"2023","AK","Alaska","Chronic Health Indicators","Cardiovascular Disease","Ever told you had a stroke?","No","Multiracial, non-Hispanic","Race/Ethnicity","290","98","96.4","99.7","752","%","Crude Prevalence",,,"BRFSS","CLASS03","TOPIC10","02","RACE07","CAT4","CVDSTRK3","RESP054","
,  
(64.84507995700051, -147.72205903599973)"
"2023","AK","Alaska","Chronic Health Indicators","Cardiovascular Disease","Ever told you had a stroke?","Yes","Hispanic","Race/Ethnicity","3",,,,"753","%","Crude Prevalence","*","Prevalence estimate not available if the unweighted sample size for the denominator was < 50 or the Relative Standard Error (RSE) is > 0.3 or if the state did not collect data for that calendar year.","BRFSS","CLASS03","TOPIC10","02","RACE08","CAT4","CVDSTRK3","RESP046","
,  
(64.84507995700051, -147.72205903599973)"
"2023","AK","Alaska","Chronic Health Indicators","Cardiovascular Disease","Ever told you had a stroke?","No","Hispanic","Race/Ethnicity","220","98.9","97.5","100","754","%","Crude Prevalence",,,"BRFSS","CLASS03","TOPIC10","02","RACE08","CAT4","CVDSTRK3","RESP054","
,  
(64.84507995700051, -147.72205903599973)"
"2023","AK","Alaska","Chronic Health Indicators","Cardiovascular Disease","Ever told you had a stroke?","Yes","Less than H.S.","Education Attained","19","7.5","3.2","11.8","755","%","Crude Prevalence",,,"BRFSS","CLASS03","TOPIC10","02","EDUCA1","CAT5","CVDSTRK3","RESP046","
,  
(64.84507995700051, -147.72205903599973)"
"2023","AK","Alaska","Chronic Health Indicators","Cardiovascular Disease","Ever told you had a stroke?","No","Less than H.S.","Education Attained","187","92.5","88.2","96.8","756","%","Crude Prevalence",,,"BRFSS","CLASS03","TOPIC10","02","EDUCA1","CAT5","CVDSTRK3","RESP054","
,  
(64.84507995700051, -147.72205903599973)"
"2023","AK","Alaska","Chronic Health Indicators","Cardiovascular Disease","Ever told you had a stroke?","Yes","H.S. or G.E.D.","Education Attained","46","2.5","1.6","3.4","757","%","Crude Prevalence",,,"BRFSS","CLASS03","TOPIC10","02","EDUCA2","CAT5","CVDSTRK3","RESP046","
,  
(64.84507995700051, -147.72205903599973)"
"2023","AK","Alaska","Chronic Health Indicators","Cardiovascular Disease","Ever told you had a stroke?","No","H.S. or G.E.D.","Education Attained","1384","97.5","96.6","98.4","758","%","Crude Prevalence",,,"BRFSS","CLASS03","TOPIC10","02","EDUCA2","CAT5","CVDSTRK3","RESP054","
,  
(64.84507995700051, -147.72205903599973)"
"2023","AK","Alaska","Chronic Health Indicators","Cardiovascular Disease","Ever told you had a stroke?","Yes","Some post-H.S.","Education Attained","82","3.5","2.5","4.5","759","%","Crude Prevalence",,,"BRFSS","CLASS03","TOPIC10","02","EDUCA3","CAT5","CVDSTRK3","RESP046","
,  
(64.84507995700051, -147.72205903599973)"
"2023","AK","Alaska","Chronic Health Indicators","Cardiovascular Disease","Ever told you had a stroke?","No","Some post-H.S.","Education Attained","1483","96.5","95.5","97.5","760","%","Crude Prevalence",,,"BRFSS","CLASS03","TOPIC10","02","EDUCA3","CAT5","CVDSTRK3","RESP054","
,  
(64.84507995700051, -147.72205903599973)"
"2023","AK","Alaska","Chronic Health Indicators","Cardiovascular Disease","Ever told you had a stroke?","Yes","College graduate","Education Attained","64","2.2","1.5","2.9","761","%","Crude Prevalence",,,"BRFSS","CLASS03","TOPIC10","02","EDUCA4","CAT5","CVDSTRK3","RESP046","
,  
(64.84507995700051, -147.72205903599973)"
"2023","AK","Alaska","Chronic Health Indicators","Cardiovascular Disease","Ever told you had a stroke?","No","College graduate","Education Attained","2199","97.8","97.1","98.5","762","%","Crude Prevalence",,,"BRFSS","CLASS03","TOPIC10","02","EDUCA4","CAT5","CVDSTRK3","RESP054","
,  
(64.84507995700051, -147.72205903599973)"
"2023","AK","Alaska","Chronic Health Indicators","Cardiovascular Disease","Ever told you had a stroke?","Yes","Less than $15,000","Household Income","18",,,,"763","%","Crude Prevalence","*","Prevalence estimate not available if the unweighted sample size for the denominator was < 50 or the Relative Standard Error (RSE) is > 0.3 or if the state did not collect data for that calendar year.","BRFSS","CLASS03","TOPIC10","02","INCOME01","CAT6","CVDSTRK3","RESP046","
,  
(64.84507995700051, -147.72205903599973)"
"2023","AK","Alaska","Chronic Health Indicators","Cardiovascular Disease","Ever told you had a stroke?","No","Less than $15,000","Household Income","185","89.7","83.1","96.3","764","%","Crude Prevalence",,,"BRFSS","CLASS03","TOPIC10","02","INCOME01","CAT6","CVDSTRK3","RESP054","
,  
(64.84507995700051, -147.72205903599973)"
"2023","AK","Alaska","Chronic Health Indicators","Cardiovascular Disease","Ever told you had a stroke?","Yes","$15,000-$24,999","Household Income","26","6.1","3.1","9.1","765","%","Crude Prevalence",,,"BRFSS","CLASS03","TOPIC10","02","INCOME02","CAT6","CVDSTRK3","RESP046","
,  
(64.84507995700051, -147.72205903599973)"
"2023","AK","Alaska","Chronic Health Indicators","Cardiovascular Disease","Ever told you had a stroke?","No","$15,000-$24,999","Household Income","284","93.9","90.9","96.9","766","%","Crude Prevalence",,,"BRFSS","CLASS03","TOPIC10","02","INCOME02","CAT6","CVDSTRK3","RESP054","
,  
(64.84507995700051, -147.72205903599973)"
"2023","AK","Alaska","Chronic Health Indicators","Cardiovascular Disease","Ever told you had a stroke?","Yes","$25,000-$34,999","Household Income","24","4.5","2.2","6.7","767","%","Crude Prevalence",,,"BRFSS","CLASS03","TOPIC10","02","INCOME03","CAT6","CVDSTRK3","RESP046","
,  
(64.84507995700051, -147.72205903599973)"
"2023","AK","Alaska","Chronic Health Indicators","Cardiovascular Disease","Ever told you had a stroke?","No","$25,000-$34,999","Household Income","380","95.5","93.3","97.8","768","%","Crude Prevalence",,,"BRFSS","CLASS03","TOPIC10","02","INCOME03","CAT6","CVDSTRK3","RESP054","
,  
(64.84507995700051, -147.72205903599973)"
"2023","AK","Alaska","Chronic Health Indicators","Cardiovascular Disease","Ever told you had a stroke?","Yes","$35,000-$49,999","Household Income","20",,,,"769","%","Crude Prevalence","*","Prevalence estimate not available if the unweighted sample size for the denominator was < 50 or the Relative Standard Error (RSE) is > 0.3 or if the state did not collect data for that calendar year.","BRFSS","CLASS03","TOPIC10","02","INCOME04","CAT6","CVDSTRK3","RESP046","
,  
(64.84507995700051, -147.72205903599973)"
"2023","AK","Alaska","Chronic Health Indicators","Cardiovascular Disease","Ever told you had a stroke?","No","$35,000-$49,999","Household Income","486","97.6","96.2","99.1","770","%","Crude Prevalence",,,"BRFSS","CLASS03","TOPIC10","02","INCOME04","CAT6","CVDSTRK3","RESP054","
,  
(64.84507995700051, -147.72205903599973)"
"2023","AK","Alaska","Chronic Health Indicators","Cardiovascular Disease","Ever told you had a stroke?","Yes","$50,000-$99,999","Household Income","50","2.4","1.5","3.2","771","%","Crude Prevalence",,,"BRFSS","CLASS03","TOPIC10","02","INCOME05","CAT6","CVDSTRK3","RESP046","
,  
(64.84507995700051, -147.72205903599973)"
"2023","AK","Alaska","Chronic Health Indicators","Cardiovascular Disease","Ever told you had a stroke?","No","$50,000-$99,999","Household Income","1516","97.6","96.8","98.5","772","%","Crude Prevalence",,,"BRFSS","CLASS03","TOPIC10","02","INCOME05","CAT6","CVDSTRK3","RESP054","
,  
(64.84507995700051, -147.72205903599973)"
"2023","AK","Alaska","Chronic Health Indicators","Cardiovascular Disease","Ever told you had a stroke?","Yes","$100,000-$199,999","Household Income","23","1.5","0.7","2.2","773","%","Crude Prevalence",,,"BRFSS","CLASS03","TOPIC10","02","INCOME06","CAT6","CVDSTRK3","RESP046","
,  
(64.84507995700051, -147.72205903599973)"
"2023","AK","Alaska","Chronic Health Indicators","Cardiovascular Disease","Ever told you had a stroke?","No","$100,000-$199,999","Household Income","1151","98.5","97.8","99.3","774","%","Crude Prevalence",,,"BRFSS","CLASS03","TOPIC10","02","INCOME06","CAT6","CVDSTRK3","RESP054","
,  
(64.84507995700051, -147.72205903599973)"
"2023","AK","Alaska","Chronic Health Indicators","Cardiovascular Disease","Ever told you had a stroke?","Yes","$200,000+","Household Income","4",,,,"775","%","Crude Prevalence","*","Prevalence estimate not available if the unweighted sample size for the denominator was < 50 or the Relative Standard Error (RSE) is > 0.3 or if the state did not collect data for that calendar year.","BRFSS","CLASS03","TOPIC10","02","INCOME07","CAT6","CVDSTRK3","RESP046","
,  
(64.84507995700051, -147.72205903599973)"
"2023","AK","Alaska","Chronic Health Indicators","Cardiovascular Disease","Ever told you had a stroke?","No","$200,000+","Household Income","307","99","97.8","100","776","%","Crude Prevalence",,,"BRFSS","CLASS03","TOPIC10","02","INCOME07","CAT6","CVDSTRK3","RESP054","
,  
(64.84507995700051, -147.72205903599973)"
"2023","AK","Alaska","Demographics","Hearing","Adults who reported being deaf","Yes","Overall","Overall","574","9.4","8.3","10.6","777","%","Crude Prevalence",,,"BRFSS","CLASS05","TOPIC70","02","BO1","CAT1","DEAF","RESP046","
,  
(64.84507995700051, -147.72205903599973)"
"2023","AK","Alaska","Demographics","Hearing","Adults who reported being deaf","No","Overall","Overall","4813","90.6","89.4","91.7","778","%","Crude Prevalence",,,"BRFSS","CLASS05","TOPIC70","02","BO1","CAT1","DEAF","RESP054","
,  
(64.84507995700051, -147.72205903599973)"
"2023","AK","Alaska","Demographics","Hearing","Adults who reported being deaf","Yes","Male","Sex","385","12.6","10.8","14.4","779","%","Crude Prevalence",,,"BRFSS","CLASS05","TOPIC70","02","SEX1","CAT2","DEAF","RESP046","
,  
(64.84507995700051, -147.72205903599973)"
"2023","AK","Alaska","Demographics","Hearing","Adults who reported being deaf","No","Male","Sex","2343","87.4","85.6","89.2","780","%","Crude Prevalence",,,"BRFSS","CLASS05","TOPIC70","02","SEX1","CAT2","DEAF","RESP054","
,  
(64.84507995700051, -147.72205903599973)"
"2023","AK","Alaska","Demographics","Hearing","Adults who reported being deaf","Yes","Female","Sex","189","6","4.8","7.2","781","%","Crude Prevalence",,,"BRFSS","CLASS05","TOPIC70","02","SEX2","CAT2","DEAF","RESP046","
,  
(64.84507995700051, -147.72205903599973)"
"2023","AK","Alaska","Demographics","Hearing","Adults who reported being deaf","No","Female","Sex","2470","94","92.8","95.2","782","%","Crude Prevalence",,,"BRFSS","CLASS05","TOPIC70","02","SEX2","CAT2","DEAF","RESP054","
,  
(64.84507995700051, -147.72205903599973)"
"2023","AK","Alaska","Demographics","Hearing","Adults who reported being deaf","Yes","18-24","Age Group","14","3.4","1.4","5.4","783","%","Crude Prevalence",,,"BRFSS","CLASS05","TOPIC70","02","AGE01","CAT3","DEAF","RESP046","
,  
(64.84507995700051, -147.72205903599973)"
"2023","AK","Alaska","Demographics","Hearing","Adults who reported being deaf","No","18-24","Age Group","312","96.6","94.6","98.6","784","%","Crude Prevalence",,,"BRFSS","CLASS05","TOPIC70","02","AGE01","CAT3","DEAF","RESP054","
,  
(64.84507995700051, -147.72205903599973)"
"2023","AK","Alaska","Demographics","Hearing","Adults who reported being deaf","Yes","25-34","Age Group","28","6.4","3.5","9.3","785","%","Crude Prevalence",,,"BRFSS","CLASS05","TOPIC70","02","AGE02","CAT3","DEAF","RESP046","
,  
(64.84507995700051, -147.72205903599973)"
"2023","AK","Alaska","Demographics","Hearing","Adults who reported being deaf","No","25-34","Age Group","590","93.6","90.7","96.5","786","%","Crude Prevalence",,,"BRFSS","CLASS05","TOPIC70","02","AGE02","CAT3","DEAF","RESP054","
,  
(64.84507995700051, -147.72205903599973)"
"2023","AK","Alaska","Demographics","Hearing","Adults who reported being deaf","Yes","35-44","Age Group","35","6.6","3.4","9.7","787","%","Crude Prevalence",,,"BRFSS","CLASS05","TOPIC70","02","AGE03","CAT3","DEAF","RESP046","
,  
(64.84507995700051, -147.72205903599973)"
"2023","AK","Alaska","Demographics","Hearing","Adults who reported being deaf","No","35-44","Age Group","757","93.4","90.3","96.6","788","%","Crude Prevalence",,,"BRFSS","CLASS05","TOPIC70","02","AGE03","CAT3","DEAF","RESP054","
,  
(64.84507995700051, -147.72205903599973)"
"2023","AK","Alaska","Demographics","Hearing","Adults who reported being deaf","Yes","45-54","Age Group","54","6.3","4.1","8.5","789","%","Crude Prevalence",,,"BRFSS","CLASS05","TOPIC70","02","AGE04","CAT3","DEAF","RESP046","
,  
(64.84507995700051, -147.72205903599973)"
"2023","AK","Alaska","Demographics","Hearing","Adults who reported being deaf","No","45-54","Age Group","776","93.7","91.5","95.9","790","%","Crude Prevalence",,,"BRFSS","CLASS05","TOPIC70","02","AGE04","CAT3","DEAF","RESP054","
,  
(64.84507995700051, -147.72205903599973)"
"2023","AK","Alaska","Demographics","Hearing","Adults who reported being deaf","Yes","55-64","Age Group","115","11.7","8.9","14.5","791","%","Crude Prevalence",,,"BRFSS","CLASS05","TOPIC70","02","AGE05","CAT3","DEAF","RESP046","
,  
(64.84507995700051, -147.72205903599973)"
"2023","AK","Alaska","Demographics","Hearing","Adults who reported being deaf","No","55-64","Age Group","880","88.3","85.5","91.1","792","%","Crude Prevalence",,,"BRFSS","CLASS05","TOPIC70","02","AGE05","CAT3","DEAF","RESP054","
,  
(64.84507995700051, -147.72205903599973)"
"2023","AK","Alaska","Demographics","Hearing","Adults who reported being deaf","Yes","65+","Age Group","328","19.2","16.6","21.8","793","%","Crude Prevalence",,,"BRFSS","CLASS05","TOPIC70","02","AGE09","CAT3","DEAF","RESP046","
,  
(64.84507995700051, -147.72205903599973)"
"2023","AK","Alaska","Demographics","Hearing","Adults who reported being deaf","No","65+","Age Group","1498","80.8","78.2","83.4","794","%","Crude Prevalence",,,"BRFSS","CLASS05","TOPIC70","02","AGE09","CAT3","DEAF","RESP054","
,  
(64.84507995700051, -147.72205903599973)"
"2023","AK","Alaska","Demographics","Hearing","Adults who reported being deaf","Yes","White, non-Hispanic","Race/Ethnicity","387","8.2","7.2","9.2","795","%","Crude Prevalence",,,"BRFSS","CLASS05","TOPIC70","02","RACE01","CAT4","DEAF","RESP046","
,  
(64.84507995700051, -147.72205903599973)"
"2023","AK","Alaska","Demographics","Hearing","Adults who reported being deaf","No","White, non-Hispanic","Race/Ethnicity","3511","91.8","90.8","92.8","796","%","Crude Prevalence",,,"BRFSS","CLASS05","TOPIC70","02","RACE01","CAT4","DEAF","RESP054","
,  
(64.84507995700051, -147.72205903599973)"
"2023","AK","Alaska","Demographics","Hearing","Adults who reported being deaf","Yes","Black, non-Hispanic","Race/Ethnicity","13",,,,"797","%","Crude Prevalence","*","Prevalence estimate not available if the unweighted sample size for the denominator was < 50 or the Relative Standard Error (RSE) is > 0.3 or if the state did not collect data for that calendar year.","BRFSS","CLASS05","TOPIC70","02","RACE02","CAT4","DEAF","RESP046","
,  
(64.84507995700051, -147.72205903599973)"
"2023","AK","Alaska","Demographics","Hearing","Adults who reported being deaf","No","Black, non-Hispanic","Race/Ethnicity","109","92.3","87.4","97.2","798","%","Crude Prevalence",,,"BRFSS","CLASS05","TOPIC70","02","RACE02","CAT4","DEAF","RESP054","
,  
(64.84507995700051, -147.72205903599973)"
"2023","AK","Alaska","Demographics","Hearing","Adults who reported being deaf","Yes","American Indian or Alaskan Native, non-Hispanic","Race/Ethnicity","105","17","12.1","21.9","799","%","Crude Prevalence",,,"BRFSS","CLASS05","TOPIC70","02","RACE03","CAT4","DEAF","RESP046","
,  
(64.84507995700051, -147.72205903599973)"
"2023","AK","Alaska","Demographics","Hearing","Adults who reported being deaf","No","American Indian or Alaskan Native, non-Hispanic","Race/Ethnicity","547","83","78.1","87.9","800","%","Crude Prevalence",,,"BRFSS","CLASS05","TOPIC70","02","RACE03","CAT4","DEAF","RESP054","
,  
(64.84507995700051, -147.72205903599973)"
"2023","AK","Alaska","Demographics","Hearing","Adults who reported being deaf","Yes","Asian, non-Hispanic","Race/Ethnicity","12",,,,"801","%","Crude Prevalence","*","Prevalence estimate not available if the unweighted sample size for the denominator was < 50 or the Relative Standard Error (RSE) is > 0.3 or if the state did not collect data for that calendar year.","BRFSS","CLASS05","TOPIC70","02","RACE04","CAT4","DEAF","RESP046","
,  
(64.84507995700051, -147.72205903599973)"
"2023","AK","Alaska","Demographics","Hearing","Adults who reported being deaf","No","Asian, non-Hispanic","Race/Ethnicity","109","93.9","89.6","98.1","802","%","Crude Prevalence",,,"BRFSS","CLASS05","TOPIC70","02","RACE04","CAT4","DEAF","RESP054","
,  
(64.84507995700051, -147.72205903599973)"
"2023","AK","Alaska","Demographics","Hearing","Adults who reported being deaf","Yes","Native Hawaiian or other Pacific Islander, non-Hispanic","Race/Ethnicity","2",,,,"803","%","Crude Prevalence","*","Prevalence estimate not available if the unweighted sample size for the denominator was < 50 or the Relative Standard Error (RSE) is > 0.3 or if the state did not collect data for that calendar year.","BRFSS","CLASS05","TOPIC70","02","RACE05","CAT4","DEAF","RESP046","
,  
(64.84507995700051, -147.72205903599973)"
"2023","AK","Alaska","Demographics","Hearing","Adults who reported being deaf","No","Native Hawaiian or other Pacific Islander, non-Hispanic","Race/Ethnicity","33",,,,"804","%","Crude Prevalence","*","Prevalence estimate not available if the unweighted sample size for the denominator was < 50 or the Relative Standard Error (RSE) is > 0.3 or if the state did not collect data for that calendar year.","BRFSS","CLASS05","TOPIC70","02","RACE05","CAT4","DEAF","RESP054","
,  
(64.84507995700051, -147.72205903599973)"
"2023","AK","Alaska","Demographics","Hearing","Adults who reported being deaf","Yes","Other, non-Hispanic","Race/Ethnicity","13",,,,"805","%","Crude Prevalence","*","Prevalence estimate not available if the unweighted sample size for the denominator was < 50 or the Relative Standard Error (RSE) is > 0.3 or if the state did not collect data for that calendar year.","BRFSS","CLASS05","TOPIC70","02","RACE06","CAT4","DEAF","RESP046","
,  
(64.84507995700051, -147.72205903599973)"
"2023","AK","Alaska","Demographics","Hearing","Adults who reported being deaf","No","Other, non-Hispanic","Race/Ethnicity","39","72.9","55.5","90.3","806","%","Crude Prevalence",,,"BRFSS","CLASS05","TOPIC70","02","RACE06","CAT4","DEAF","RESP054","
,  
(64.84507995700051, -147.72205903599973)"
"2023","AK","Alaska","Demographics","Hearing","Adults who reported being deaf","Yes","Multiracial, non-Hispanic","Race/Ethnicity","24",,,,"807","%","Crude Prevalence","*","Prevalence estimate not available if the unweighted sample size for the denominator was < 50 or the Relative Standard Error (RSE) is > 0.3 or if the state did not collect data for that calendar year.","BRFSS","CLASS05","TOPIC70","02","RACE07","CAT4","DEAF","RESP046","
,  
(64.84507995700051, -147.72205903599973)"
"2023","AK","Alaska","Demographics","Hearing","Adults who reported being deaf","No","Multiracial, non-Hispanic","Race/Ethnicity","266","90.5","84.7","96.3","808","%","Crude Prevalence",,,"BRFSS","CLASS05","TOPIC70","02","RACE07","CAT4","DEAF","RESP054","
,  
(64.84507995700051, -147.72205903599973)"
"2023","AK","Alaska","Demographics","Hearing","Adults who reported being deaf","Yes","Hispanic","Race/Ethnicity","18","6.5","3","10","809","%","Crude Prevalence",,,"BRFSS","CLASS05","TOPIC70","02","RACE08","CAT4","DEAF","RESP046","
,  
(64.84507995700051, -147.72205903599973)"
"2023","AK","Alaska","Demographics","Hearing","Adults who reported being deaf","No","Hispanic","Race/Ethnicity","197","93.5","90","97","810","%","Crude Prevalence",,,"BRFSS","CLASS05","TOPIC70","02","RACE08","CAT4","DEAF","RESP054","
,  
(64.84507995700051, -147.72205903599973)"
"2023","AK","Alaska","Demographics","Hearing","Adults who reported being deaf","Yes","Less than H.S.","Education Attained","39","16.7","10","23.4","811","%","Crude Prevalence",,,"BRFSS","CLASS05","TOPIC70","02","EDUCA1","CAT5","DEAF","RESP046","
,  
(64.84507995700051, -147.72205903599973)"
"2023","AK","Alaska","Demographics","Hearing","Adults who reported being deaf","No","Less than H.S.","Education Attained","165","83.3","76.6","90","812","%","Crude Prevalence",,,"BRFSS","CLASS05","TOPIC70","02","EDUCA1","CAT5","DEAF","RESP054","
,  
(64.84507995700051, -147.72205903599973)"
"2023","AK","Alaska","Demographics","Hearing","Adults who reported being deaf","Yes","H.S. or G.E.D.","Education Attained","153","8.8","6.9","10.7","813","%","Crude Prevalence",,,"BRFSS","CLASS05","TOPIC70","02","EDUCA2","CAT5","DEAF","RESP046","
,  
(64.84507995700051, -147.72205903599973)"
"2023","AK","Alaska","Demographics","Hearing","Adults who reported being deaf","No","H.S. or G.E.D.","Education Attained","1235","91.2","89.3","93.1","814","%","Crude Prevalence",,,"BRFSS","CLASS05","TOPIC70","02","EDUCA2","CAT5","DEAF","RESP054","
,  
(64.84507995700051, -147.72205903599973)"
"2023","AK","Alaska","Demographics","Hearing","Adults who reported being deaf","Yes","Some post-H.S.","Education Attained","205","11.1","8.9","13.3","815","%","Crude Prevalence",,,"BRFSS","CLASS05","TOPIC70","02","EDUCA3","CAT5","DEAF","RESP046","
,  
(64.84507995700051, -147.72205903599973)"
"2023","AK","Alaska","Demographics","Hearing","Adults who reported being deaf","No","Some post-H.S.","Education Attained","1329","88.9","86.7","91.1","816","%","Crude Prevalence",,,"BRFSS","CLASS05","TOPIC70","02","EDUCA3","CAT5","DEAF","RESP054","
,  
(64.84507995700051, -147.72205903599973)"
"2023","AK","Alaska","Demographics","Hearing","Adults who reported being deaf","Yes","College graduate","Education Attained","175","6.2","5","7.4","817","%","Crude Prevalence",,,"BRFSS","CLASS05","TOPIC70","02","EDUCA4","CAT5","DEAF","RESP046","
,  
(64.84507995700051, -147.72205903599973)"
"2023","AK","Alaska","Demographics","Hearing","Adults who reported being deaf","No","College graduate","Education Attained","2056","93.8","92.6","95","818","%","Crude Prevalence",,,"BRFSS","CLASS05","TOPIC70","02","EDUCA4","CAT5","DEAF","RESP054","
,  
(64.84507995700051, -147.72205903599973)"
"2023","AK","Alaska","Demographics","Hearing","Adults who reported being deaf","Yes","Less than $15,000","Household Income","37","17.4","10.4","24.3","819","%","Crude Prevalence",,,"BRFSS","CLASS05","TOPIC70","02","INCOME01","CAT6","DEAF","RESP046","
,  
(64.84507995700051, -147.72205903599973)"
"2023","AK","Alaska","Demographics","Hearing","Adults who reported being deaf","No","Less than $15,000","Household Income","165","82.6","75.7","89.6","820","%","Crude Prevalence",,,"BRFSS","CLASS05","TOPIC70","02","INCOME01","CAT6","DEAF","RESP054","
,  
(64.84507995700051, -147.72205903599973)"
"2023","AK","Alaska","Demographics","Hearing","Adults who reported being deaf","Yes","$15,000-$24,999","Household Income","50","15.5","10.4","20.6","821","%","Crude Prevalence",,,"BRFSS","CLASS05","TOPIC70","02","INCOME02","CAT6","DEAF","RESP046","
,  
(64.84507995700051, -147.72205903599973)"
"2023","AK","Alaska","Demographics","Hearing","Adults who reported being deaf","No","$15,000-$24,999","Household Income","255","84.5","79.4","89.6","822","%","Crude Prevalence",,,"BRFSS","CLASS05","TOPIC70","02","INCOME02","CAT6","DEAF","RESP054","
,  
(64.84507995700051, -147.72205903599973)"
"2023","AK","Alaska","Demographics","Hearing","Adults who reported being deaf","Yes","$25,000-$34,999","Household Income","54","10.2","6.6","13.7","823","%","Crude Prevalence",,,"BRFSS","CLASS05","TOPIC70","02","INCOME03","CAT6","DEAF","RESP046","
,  
(64.84507995700051, -147.72205903599973)"
"2023","AK","Alaska","Demographics","Hearing","Adults who reported being deaf","No","$25,000-$34,999","Household Income","349","89.8","86.3","93.4","824","%","Crude Prevalence",,,"BRFSS","CLASS05","TOPIC70","02","INCOME03","CAT6","DEAF","RESP054","
,  
(64.84507995700051, -147.72205903599973)"
"2023","AK","Alaska","Demographics","Hearing","Adults who reported being deaf","Yes","$35,000-$49,999","Household Income","64","9.2","6.1","12.3","825","%","Crude Prevalence",,,"BRFSS","CLASS05","TOPIC70","02","INCOME04","CAT6","DEAF","RESP046","
,  
(64.84507995700051, -147.72205903599973)"
"2023","AK","Alaska","Demographics","Hearing","Adults who reported being deaf","No","$35,000-$49,999","Household Income","439","90.8","87.7","93.9","826","%","Crude Prevalence",,,"BRFSS","CLASS05","TOPIC70","02","INCOME04","CAT6","DEAF","RESP054","
,  
(64.84507995700051, -147.72205903599973)"
"2023","AK","Alaska","Demographics","Hearing","Adults who reported being deaf","Yes","$50,000-$99,999","Household Income","155","9.4","7.2","11.5","827","%","Crude Prevalence",,,"BRFSS","CLASS05","TOPIC70","02","INCOME05","CAT6","DEAF","RESP046","
,  
(64.84507995700051, -147.72205903599973)"
"2023","AK","Alaska","Demographics","Hearing","Adults who reported being deaf","No","$50,000-$99,999","Household Income","1399","90.6","88.5","92.8","828","%","Crude Prevalence",,,"BRFSS","CLASS05","TOPIC70","02","INCOME05","CAT6","DEAF","RESP054","
,  
(64.84507995700051, -147.72205903599973)"
"2023","AK","Alaska","Demographics","Hearing","Adults who reported being deaf","Yes","$100,000-$199,999","Household Income","80","7.2","4.3","10.1","829","%","Crude Prevalence",,,"BRFSS","CLASS05","TOPIC70","02","INCOME06","CAT6","DEAF","RESP046","
,  
(64.84507995700051, -147.72205903599973)"
"2023","AK","Alaska","Demographics","Hearing","Adults who reported being deaf","No","$100,000-$199,999","Household Income","1086","92.8","89.9","95.7","830","%","Crude Prevalence",,,"BRFSS","CLASS05","TOPIC70","02","INCOME06","CAT6","DEAF","RESP054","
,  
(64.84507995700051, -147.72205903599973)"
"2023","AK","Alaska","Demographics","Hearing","Adults who reported being deaf","Yes","$200,000+","Household Income","18",,,,"831","%","Crude Prevalence","*","Prevalence estimate not available if the unweighted sample size for the denominator was < 50 or the Relative Standard Error (RSE) is > 0.3 or if the state did not collect data for that calendar year.","BRFSS","CLASS05","TOPIC70","02","INCOME07","CAT6","DEAF","RESP046","
,  
(64.84507995700051, -147.72205903599973)"
"2023","AK","Alaska","Demographics","Hearing","Adults who reported being deaf","No","$200,000+","Household Income","293","95.2","91.9","98.4","832","%","Crude Prevalence",,,"BRFSS","CLASS05","TOPIC70","02","INCOME07","CAT6","DEAF","RESP054","
,  
(64.84507995700051, -147.72205903599973)"
"2023","AK","Alaska","Demographics","Disability status","Do you have serious difficulty concentrating, remembering, or making decisions?","Yes","Overall","Overall","600","12.4","11.1","13.6","833","%","Crude Prevalence",,,"BRFSS","CLASS05","TOPIC19","02","BO1","CAT1","DECIDE","RESP046","
,  
(64.84507995700051, -147.72205903599973)"
"2023","AK","Alaska","Demographics","Disability status","Do you have serious difficulty concentrating, remembering, or making decisions?","No","Overall","Overall","4753","87.6","86.4","88.9","834","%","Crude Prevalence",,,"BRFSS","CLASS05","TOPIC19","02","BO1","CAT1","DECIDE","RESP054","
,  
(64.84507995700051, -147.72205903599973)"
"2023","AK","Alaska","Demographics","Disability status","Do you have serious difficulty concentrating, remembering, or making decisions?","Yes","Male","Sex","281","11.5","9.8","13.1","835","%","Crude Prevalence",,,"BRFSS","CLASS05","TOPIC19","02","SEX1","CAT2","DECIDE","RESP046","
,  
(64.84507995700051, -147.72205903599973)"
"2023","AK","Alaska","Demographics","Disability status","Do you have serious difficulty concentrating, remembering, or making decisions?","No","Male","Sex","2435","88.6","86.9","90.2","836","%","Crude Prevalence",,,"BRFSS","CLASS05","TOPIC19","02","SEX1","CAT2","DECIDE","RESP054","
,  
(64.84507995700051, -147.72205903599973)"
"2023","AK","Alaska","Demographics","Disability status","Do you have serious difficulty concentrating, remembering, or making decisions?","Yes","Female","Sex","319","13.4","11.4","15.3","837","%","Crude Prevalence",,,"BRFSS","CLASS05","TOPIC19","02","SEX2","CAT2","DECIDE","RESP046","
,  
(64.84507995700051, -147.72205903599973)"
"2023","AK","Alaska","Demographics","Disability status","Do you have serious difficulty concentrating, remembering, or making decisions?","No","Female","Sex","2318","86.6","84.7","88.6","838","%","Crude Prevalence",,,"BRFSS","CLASS05","TOPIC19","02","SEX2","CAT2","DECIDE","RESP054","
,  
(64.84507995700051, -147.72205903599973)"
"2023","AK","Alaska","Demographics","Disability status","Do you have serious difficulty concentrating, remembering, or making decisions?","Yes","18-24","Age Group","73","24.1","18.2","29.9","839","%","Crude Prevalence",,,"BRFSS","CLASS05","TOPIC19","02","AGE01","CAT3","DECIDE","RESP046","
,  
(64.84507995700051, -147.72205903599973)"
"2023","AK","Alaska","Demographics","Disability status","Do you have serious difficulty concentrating, remembering, or making decisions?","No","18-24","Age Group","253","75.9","70.1","81.8","840","%","Crude Prevalence",,,"BRFSS","CLASS05","TOPIC19","02","AGE01","CAT3","DECIDE","RESP054","
,  
(64.84507995700051, -147.72205903599973)"
"2023","AK","Alaska","Demographics","Disability status","Do you have serious difficulty concentrating, remembering, or making decisions?","Yes","25-34","Age Group","103","15.5","12.1","18.9","841","%","Crude Prevalence",,,"BRFSS","CLASS05","TOPIC19","02","AGE02","CAT3","DECIDE","RESP046","
,  
(64.84507995700051, -147.72205903599973)"
"2023","AK","Alaska","Demographics","Disability status","Do you have serious difficulty concentrating, remembering, or making decisions?","No","25-34","Age Group","503","84.5","81.1","87.9","842","%","Crude Prevalence",,,"BRFSS","CLASS05","TOPIC19","02","AGE02","CAT3","DECIDE","RESP054","
,  
(64.84507995700051, -147.72205903599973)"
"2023","AK","Alaska","Demographics","Disability status","Do you have serious difficulty concentrating, remembering, or making decisions?","Yes","35-44","Age Group","87","11.6","8.9","14.4","843","%","Crude Prevalence",,,"BRFSS","CLASS05","TOPIC19","02","AGE03","CAT3","DECIDE","RESP046","
,  
(64.84507995700051, -147.72205903599973)"
"2023","AK","Alaska","Demographics","Disability status","Do you have serious difficulty concentrating, remembering, or making decisions?","No","35-44","Age Group","697","88.4","85.6","91.1","844","%","Crude Prevalence",,,"BRFSS","CLASS05","TOPIC19","02","AGE03","CAT3","DECIDE","RESP054","
,  
(64.84507995700051, -147.72205903599973)"
"2023","AK","Alaska","Demographics","Disability status","Do you have serious difficulty concentrating, remembering, or making decisions?","Yes","45-54","Age Group","71","7.6","5.5","9.7","845","%","Crude Prevalence",,,"BRFSS","CLASS05","TOPIC19","02","AGE04","CAT3","DECIDE","RESP046","
,  
(64.84507995700051, -147.72205903599973)"
"2023","AK","Alaska","Demographics","Disability status","Do you have serious difficulty concentrating, remembering, or making decisions?","No","45-54","Age Group","755","92.4","90.3","94.5","846","%","Crude Prevalence",,,"BRFSS","CLASS05","TOPIC19","02","AGE04","CAT3","DECIDE","RESP054","
,  
(64.84507995700051, -147.72205903599973)"
"2023","AK","Alaska","Demographics","Disability status","Do you have serious difficulty concentrating, remembering, or making decisions?","Yes","55-64","Age Group","112","10.1","7.8","12.4","847","%","Crude Prevalence",,,"BRFSS","CLASS05","TOPIC19","02","AGE05","CAT3","DECIDE","RESP046","
,  
(64.84507995700051, -147.72205903599973)"
"2023","AK","Alaska","Demographics","Disability status","Do you have serious difficulty concentrating, remembering, or making decisions?","No","55-64","Age Group","881","89.9","87.6","92.2","848","%","Crude Prevalence",,,"BRFSS","CLASS05","TOPIC19","02","AGE05","CAT3","DECIDE","RESP054","
,  
(64.84507995700051, -147.72205903599973)"
"2023","AK","Alaska","Demographics","Disability status","Do you have serious difficulty concentrating, remembering, or making decisions?","Yes","65+","Age Group","154","8.2","6.4","10","849","%","Crude Prevalence",,,"BRFSS","CLASS05","TOPIC19","02","AGE09","CAT3","DECIDE","RESP046","
,  
(64.84507995700051, -147.72205903599973)"
"2023","AK","Alaska","Demographics","Disability status","Do you have serious difficulty concentrating, remembering, or making decisions?","No","65+","Age Group","1664","91.8","90","93.6","850","%","Crude Prevalence",,,"BRFSS","CLASS05","TOPIC19","02","AGE09","CAT3","DECIDE","RESP054","
,  
(64.84507995700051, -147.72205903599973)"
"2023","AK","Alaska","Demographics","Disability status","Do you have serious difficulty concentrating, remembering, or making decisions?","Yes","White, non-Hispanic","Race/Ethnicity","406","12.2","10.6","13.7","851","%","Crude Prevalence",,,"BRFSS","CLASS05","TOPIC19","02","RACE01","CAT4","DECIDE","RESP046","
,  
(64.84507995700051, -147.72205903599973)"
"2023","AK","Alaska","Demographics","Disability status","Do you have serious difficulty concentrating, remembering, or making decisions?","No","White, non-Hispanic","Race/Ethnicity","3468","87.8","86.3","89.4","852","%","Crude Prevalence",,,"BRFSS","CLASS05","TOPIC19","02","RACE01","CAT4","DECIDE","RESP054","
,  
(64.84507995700051, -147.72205903599973)"
"2023","AK","Alaska","Demographics","Disability status","Do you have serious difficulty concentrating, remembering, or making decisions?","Yes","Black, non-Hispanic","Race/Ethnicity","17",,,,"853","%","Crude Prevalence","*","Prevalence estimate not available if the unweighted sample size for the denominator was < 50 or the Relative Standard Error (RSE) is > 0.3 or if the state did not collect data for that calendar year.","BRFSS","CLASS05","TOPIC19","02","RACE02","CAT4","DECIDE","RESP046","
,  
(64.84507995700051, -147.72205903599973)"
"2023","AK","Alaska","Demographics","Disability status","Do you have serious difficulty concentrating, remembering, or making decisions?","No","Black, non-Hispanic","Race/Ethnicity","104","83","72.4","93.7","854","%","Crude Prevalence",,,"BRFSS","CLASS05","TOPIC19","02","RACE02","CAT4","DECIDE","RESP054","
,  
(64.84507995700051, -147.72205903599973)"
"2023","AK","Alaska","Demographics","Disability status","Do you have serious difficulty concentrating, remembering, or making decisions?","Yes","American Indian or Alaskan Native, non-Hispanic","Race/Ethnicity","77","12.2","9","15.5","855","%","Crude Prevalence",,,"BRFSS","CLASS05","TOPIC19","02","RACE03","CAT4","DECIDE","RESP046","
,  
(64.84507995700051, -147.72205903599973)"
"2023","AK","Alaska","Demographics","Disability status","Do you have serious difficulty concentrating, remembering, or making decisions?","No","American Indian or Alaskan Native, non-Hispanic","Race/Ethnicity","572","87.8","84.5","91","856","%","Crude Prevalence",,,"BRFSS","CLASS05","TOPIC19","02","RACE03","CAT4","DECIDE","RESP054","
,  
(64.84507995700051, -147.72205903599973)"
"2023","AK","Alaska","Demographics","Disability status","Do you have serious difficulty concentrating, remembering, or making decisions?","Yes","Asian, non-Hispanic","Race/Ethnicity","6",,,,"857","%","Crude Prevalence","*","Prevalence estimate not available if the unweighted sample size for the denominator was < 50 or the Relative Standard Error (RSE) is > 0.3 or if the state did not collect data for that calendar year.","BRFSS","CLASS05","TOPIC19","02","RACE04","CAT4","DECIDE","RESP046","
,  
(64.84507995700051, -147.72205903599973)"
"2023","AK","Alaska","Demographics","Disability status","Do you have serious difficulty concentrating, remembering, or making decisions?","No","Asian, non-Hispanic","Race/Ethnicity","116","96.2","93","99.4","858","%","Crude Prevalence",,,"BRFSS","CLASS05","TOPIC19","02","RACE04","CAT4","DECIDE","RESP054","
,  
(64.84507995700051, -147.72205903599973)"
"2023","AK","Alaska","Demographics","Disability status","Do you have serious difficulty concentrating, remembering, or making decisions?","Yes","Native Hawaiian or other Pacific Islander, non-Hispanic","Race/Ethnicity","5",,,,"859","%","Crude Prevalence","*","Prevalence estimate not available if the unweighted sample size for the denominator was < 50 or the Relative Standard Error (RSE) is > 0.3 or if the state did not collect data for that calendar year.","BRFSS","CLASS05","TOPIC19","02","RACE05","CAT4","DECIDE","RESP046","
,  
(64.84507995700051, -147.72205903599973)"
"2023","AK","Alaska","Demographics","Disability status","Do you have serious difficulty concentrating, remembering, or making decisions?","No","Native Hawaiian or other Pacific Islander, non-Hispanic","Race/Ethnicity","28",,,,"860","%","Crude Prevalence","*","Prevalence estimate not available if the unweighted sample size for the denominator was < 50 or the Relative Standard Error (RSE) is > 0.3 or if the state did not collect data for that calendar year.","BRFSS","CLASS05","TOPIC19","02","RACE05","CAT4","DECIDE","RESP054","
,  
(64.84507995700051, -147.72205903599973)"
"2023","AK","Alaska","Demographics","Disability status","Do you have serious difficulty concentrating, remembering, or making decisions?","Yes","Other, non-Hispanic","Race/Ethnicity","7",,,,"861","%","Crude Prevalence","*","Prevalence estimate not available if the unweighted sample size for the denominator was < 50 or the Relative Standard Error (RSE) is > 0.3 or if the state did not collect data for that calendar year.","BRFSS","CLASS05","TOPIC19","02","RACE06","CAT4","DECIDE","RESP046","
,  
(64.84507995700051, -147.72205903599973)"
"2023","AK","Alaska","Demographics","Disability status","Do you have serious difficulty concentrating, remembering, or making decisions?","No","Other, non-Hispanic","Race/Ethnicity","45","92.1","84.8","99.4","862","%","Crude Prevalence",,,"BRFSS","CLASS05","TOPIC19","02","RACE06","CAT4","DECIDE","RESP054","
,  
(64.84507995700051, -147.72205903599973)"
"2023","AK","Alaska","Demographics","Disability status","Do you have serious difficulty concentrating, remembering, or making decisions?","Yes","Multiracial, non-Hispanic","Race/Ethnicity","43","16.6","10.8","22.4","863","%","Crude Prevalence",,,"BRFSS","CLASS05","TOPIC19","02","RACE07","CAT4","DECIDE","RESP046","
,  
(64.84507995700051, -147.72205903599973)"
"2023","AK","Alaska","Demographics","Disability status","Do you have serious difficulty concentrating, remembering, or making decisions?","No","Multiracial, non-Hispanic","Race/Ethnicity","242","83.4","77.6","89.2","864","%","Crude Prevalence",,,"BRFSS","CLASS05","TOPIC19","02","RACE07","CAT4","DECIDE","RESP054","
,  
(64.84507995700051, -147.72205903599973)"
"2023","AK","Alaska","Demographics","Disability status","Do you have serious difficulty concentrating, remembering, or making decisions?","Yes","Hispanic","Race/Ethnicity","39","15.7","10.5","20.9","865","%","Crude Prevalence",,,"BRFSS","CLASS05","TOPIC19","02","RACE08","CAT4","DECIDE","RESP046","
,  
(64.84507995700051, -147.72205903599973)"
"2023","AK","Alaska","Demographics","Disability status","Do you have serious difficulty concentrating, remembering, or making decisions?","No","Hispanic","Race/Ethnicity","176","84.3","79.1","89.5","866","%","Crude Prevalence",,,"BRFSS","CLASS05","TOPIC19","02","RACE08","CAT4","DECIDE","RESP054","
,  
(64.84507995700051, -147.72205903599973)"
"2023","AK","Alaska","Demographics","Disability status","Do you have serious difficulty concentrating, remembering, or making decisions?","Yes","Less than H.S.","Education Attained","45","24.2","16.5","32","867","%","Crude Prevalence",,,"BRFSS","CLASS05","TOPIC19","02","EDUCA1","CAT5","DECIDE","RESP046","
,  
(64.84507995700051, -147.72205903599973)"
"2023","AK","Alaska","Demographics","Disability status","Do you have serious difficulty concentrating, remembering, or making decisions?","No","Less than H.S.","Education Attained","160","75.8","68","83.6","868","%","Crude Prevalence",,,"BRFSS","CLASS05","TOPIC19","02","EDUCA1","CAT5","DECIDE","RESP054","
,  
(64.84507995700051, -147.72205903599973)"
"2023","AK","Alaska","Demographics","Disability status","Do you have serious difficulty concentrating, remembering, or making decisions?","Yes","H.S. or G.E.D.","Education Attained","179","14","11.6","16.4","869","%","Crude Prevalence",,,"BRFSS","CLASS05","TOPIC19","02","EDUCA2","CAT5","DECIDE","RESP046","
,  
(64.84507995700051, -147.72205903599973)"
"2023","AK","Alaska","Demographics","Disability status","Do you have serious difficulty concentrating, remembering, or making decisions?","No","H.S. or G.E.D.","Education Attained","1204","86","83.6","88.4","870","%","Crude Prevalence",,,"BRFSS","CLASS05","TOPIC19","02","EDUCA2","CAT5","DECIDE","RESP054","
,  
(64.84507995700051, -147.72205903599973)"
"2023","AK","Alaska","Demographics","Disability status","Do you have serious difficulty concentrating, remembering, or making decisions?","Yes","Some post-H.S.","Education Attained","202","12.8","10.6","15","871","%","Crude Prevalence",,,"BRFSS","CLASS05","TOPIC19","02","EDUCA3","CAT5","DECIDE","RESP046","
,  
(64.84507995700051, -147.72205903599973)"
"2023","AK","Alaska","Demographics","Disability status","Do you have serious difficulty concentrating, remembering, or making decisions?","No","Some post-H.S.","Education Attained","1319","87.2","85","89.4","872","%","Crude Prevalence",,,"BRFSS","CLASS05","TOPIC19","02","EDUCA3","CAT5","DECIDE","RESP054","
,  
(64.84507995700051, -147.72205903599973)"
"2023","AK","Alaska","Demographics","Disability status","Do you have serious difficulty concentrating, remembering, or making decisions?","Yes","College graduate","Education Attained","170","7","5.6","8.3","873","%","Crude Prevalence",,,"BRFSS","CLASS05","TOPIC19","02","EDUCA4","CAT5","DECIDE","RESP046","
,  
(64.84507995700051, -147.72205903599973)"
"2023","AK","Alaska","Demographics","Disability status","Do you have serious difficulty concentrating, remembering, or making decisions?","No","College graduate","Education Attained","2047","93","91.7","94.4","874","%","Crude Prevalence",,,"BRFSS","CLASS05","TOPIC19","02","EDUCA4","CAT5","DECIDE","RESP054","
,  
(64.84507995700051, -147.72205903599973)"
"2023","AK","Alaska","Demographics","Disability status","Do you have serious difficulty concentrating, remembering, or making decisions?","Yes","Less than $15,000","Household Income","64","32.6","23.9","41.4","875","%","Crude Prevalence",,,"BRFSS","CLASS05","TOPIC19","02","INCOME01","CAT6","DECIDE","RESP046","
,  
(64.84507995700051, -147.72205903599973)"
"2023","AK","Alaska","Demographics","Disability status","Do you have serious difficulty concentrating, remembering, or making decisions?","No","Less than $15,000","Household Income","138","67.4","58.6","76.1","876","%","Crude Prevalence",,,"BRFSS","CLASS05","TOPIC19","02","INCOME01","CAT6","DECIDE","RESP054","
,  
(64.84507995700051, -147.72205903599973)"
"2023","AK","Alaska","Demographics","Disability status","Do you have serious difficulty concentrating, remembering, or making decisions?","Yes","$15,000-$24,999","Household Income","66","22.5","16.2","28.8","877","%","Crude Prevalence",,,"BRFSS","CLASS05","TOPIC19","02","INCOME02","CAT6","DECIDE","RESP046","
,  
(64.84507995700051, -147.72205903599973)"
"2023","AK","Alaska","Demographics","Disability status","Do you have serious difficulty concentrating, remembering, or making decisions?","No","$15,000-$24,999","Household Income","235","77.5","71.2","83.8","878","%","Crude Prevalence",,,"BRFSS","CLASS05","TOPIC19","02","INCOME02","CAT6","DECIDE","RESP054","
,  
(64.84507995700051, -147.72205903599973)"
"2023","AK","Alaska","Demographics","Disability status","Do you have serious difficulty concentrating, remembering, or making decisions?","Yes","$25,000-$34,999","Household Income","69","20.1","14.6","25.6","879","%","Crude Prevalence",,,"BRFSS","CLASS05","TOPIC19","02","INCOME03","CAT6","DECIDE","RESP046","
,  
(64.84507995700051, -147.72205903599973)"
"2023","AK","Alaska","Demographics","Disability status","Do you have serious difficulty concentrating, remembering, or making decisions?","No","$25,000-$34,999","Household Income","331","79.9","74.4","85.4","880","%","Crude Prevalence",,,"BRFSS","CLASS05","TOPIC19","02","INCOME03","CAT6","DECIDE","RESP054","
,  
(64.84507995700051, -147.72205903599973)"
"2023","AK","Alaska","Demographics","Disability status","Do you have serious difficulty concentrating, remembering, or making decisions?","Yes","$35,000-$49,999","Household Income","64","12.8","8.9","16.7","881","%","Crude Prevalence",,,"BRFSS","CLASS05","TOPIC19","02","INCOME04","CAT6","DECIDE","RESP046","
,  
(64.84507995700051, -147.72205903599973)"
"2023","AK","Alaska","Demographics","Disability status","Do you have serious difficulty concentrating, remembering, or making decisions?","No","$35,000-$49,999","Household Income","438","87.2","83.3","91.1","882","%","Crude Prevalence",,,"BRFSS","CLASS05","TOPIC19","02","INCOME04","CAT6","DECIDE","RESP054","
,  
(64.84507995700051, -147.72205903599973)"
"2023","AK","Alaska","Demographics","Disability status","Do you have serious difficulty concentrating, remembering, or making decisions?","Yes","$50,000-$99,999","Household Income","143","9.2","7.4","11.2","883","%","Crude Prevalence",,,"BRFSS","CLASS05","TOPIC19","02","INCOME05","CAT6","DECIDE","RESP046","
,  
(64.84507995700051, -147.72205903599973)"
"2023","AK","Alaska","Demographics","Disability status","Do you have serious difficulty concentrating, remembering, or making decisions?","No","$50,000-$99,999","Household Income","1400","90.8","88.8","92.6","884","%","Crude Prevalence",,,"BRFSS","CLASS05","TOPIC19","02","INCOME05","CAT6","DECIDE","RESP054","
,  
(64.84507995700051, -147.72205903599973)"
"2023","AK","Alaska","Demographics","Disability status","Do you have serious difficulty concentrating, remembering, or making decisions?","Yes","$100,000-$199,999","Household Income","63","5.9","4.1","7.6","885","%","Crude Prevalence",,,"BRFSS","CLASS05","TOPIC19","02","INCOME06","CAT6","DECIDE","RESP046","
,  
(64.84507995700051, -147.72205903599973)"
"2023","AK","Alaska","Demographics","Disability status","Do you have serious difficulty concentrating, remembering, or making decisions?","No","$100,000-$199,999","Household Income","1101","94.2","92.4","95.9","886","%","Crude Prevalence",,,"BRFSS","CLASS05","TOPIC19","02","INCOME06","CAT6","DECIDE","RESP054","
,  
(64.84507995700051, -147.72205903599973)"
"2023","AK","Alaska","Demographics","Disability status","Do you have serious difficulty concentrating, remembering, or making decisions?","Yes","$200,000+","Household Income","11",,,,"887","%","Crude Prevalence","*","Prevalence estimate not available if the unweighted sample size for the denominator was < 50 or the Relative Standard Error (RSE) is > 0.3 or if the state did not collect data for that calendar year.","BRFSS","CLASS05","TOPIC19","02","INCOME07","CAT6","DECIDE","RESP046","
,  
(64.84507995700051, -147.72205903599973)"
"2023","AK","Alaska","Demographics","Disability status","Do you have serious difficulty concentrating, remembering, or making decisions?","No","$200,000+","Household Income","297","95.3","92","98.5","888","%","Crude Prevalence",,,"BRFSS","CLASS05","TOPIC19","02","INCOME07","CAT6","DECIDE","RESP054","
,  
(64.84507995700051, -147.72205903599973)"
"2023","AK","Alaska","Chronic Health Indicators","Diabetes","Have you ever been told by a doctor that you have diabetes?","Yes","Overall","Overall","566","8.7","7.8","9.7","889","%","Crude Prevalence",,,"BRFSS","CLASS03","TOPIC18","02","BO1","CAT1","DIABETE4","RESP046","
,  
(64.84507995700051, -147.72205903599973)"
"2023","AK","Alaska","Chronic Health Indicators","Diabetes","Have you ever been told by a doctor that you have diabetes?","Yes, pregnancy-related","Overall","Overall","50","0.9","0.6","1.2","890","%","Crude Prevalence",,,"BRFSS","CLASS03","TOPIC18","02","BO1","CAT1","DIABETE4","RESP051","
,  
(64.84507995700051, -147.72205903599973)"
"2023","AK","Alaska","Chronic Health Indicators","Diabetes","Have you ever been told by a doctor that you have diabetes?","No","Overall","Overall","4738","87.8","86.7","89","891","%","Crude Prevalence",,,"BRFSS","CLASS03","TOPIC18","02","BO1","CAT1","DIABETE4","RESP054","
,  
(64.84507995700051, -147.72205903599973)"
"2023","AK","Alaska","Chronic Health Indicators","Diabetes","Have you ever been told by a doctor that you have diabetes?","No, pre-diabetes or borderline diabetes","Overall","Overall","157","2.5","2","3.1","892","%","Crude Prevalence",,,"BRFSS","CLASS03","TOPIC18","02","BO1","CAT1","DIABETE4","RESP052","
,  
(64.84507995700051, -147.72205903599973)"
"2023","AK","Alaska","Chronic Health Indicators","Diabetes","Have you ever been told by a doctor that you have diabetes?","Yes","Male","Sex","318","9.1","7.8","10.5","893","%","Crude Prevalence",,,"BRFSS","CLASS03","TOPIC18","02","SEX1","CAT2","DIABETE4","RESP046","
,  
(64.84507995700051, -147.72205903599973)"
"2023","AK","Alaska","Chronic Health Indicators","Diabetes","Have you ever been told by a doctor that you have diabetes?","Yes, pregnancy-related","Male","Sex","0",,,,"894","%","Crude Prevalence","***","No responses for this data cell","BRFSS","CLASS03","TOPIC18","02","SEX1","CAT2","DIABETE4","RESP051","
,  
(64.84507995700051, -147.72205903599973)"
"2023","AK","Alaska","Chronic Health Indicators","Diabetes","Have you ever been told by a doctor that you have diabetes?","No","Male","Sex","2402","88.6","87.1","90.1","895","%","Crude Prevalence",,,"BRFSS","CLASS03","TOPIC18","02","SEX1","CAT2","DIABETE4","RESP054","
,  
(64.84507995700051, -147.72205903599973)"
"2023","AK","Alaska","Chronic Health Indicators","Diabetes","Have you ever been told by a doctor that you have diabetes?","No, pre-diabetes or borderline diabetes","Male","Sex","79","2.3","1.6","3","896","%","Crude Prevalence",,,"BRFSS","CLASS03","TOPIC18","02","SEX1","CAT2","DIABETE4","RESP052","
,  
(64.84507995700051, -147.72205903599973)"
"2023","AK","Alaska","Chronic Health Indicators","Diabetes","Have you ever been told by a doctor that you have diabetes?","Yes","Female","Sex","248","8.3","6.9","9.7","897","%","Crude Prevalence",,,"BRFSS","CLASS03","TOPIC18","02","SEX2","CAT2","DIABETE4","RESP046","
,  
(64.84507995700051, -147.72205903599973)"
"2023","AK","Alaska","Chronic Health Indicators","Diabetes","Have you ever been told by a doctor that you have diabetes?","Yes, pregnancy-related","Female","Sex","50","1.9","1.3","2.6","898","%","Crude Prevalence",,,"BRFSS","CLASS03","TOPIC18","02","SEX2","CAT2","DIABETE4","RESP051","
,  
(64.84507995700051, -147.72205903599973)"
"2023","AK","Alaska","Chronic Health Indicators","Diabetes","Have you ever been told by a doctor that you have diabetes?","No","Female","Sex","2336","87","85.3","88.7","899","%","Crude Prevalence",,,"BRFSS","CLASS03","TOPIC18","02","SEX2","CAT2","DIABETE4","RESP054","
,  
(64.84507995700051, -147.72205903599973)"
"2023","AK","Alaska","Chronic Health Indicators","Diabetes","Have you ever been told by a doctor that you have diabetes?","No, pre-diabetes or borderline diabetes","Female","Sex","78","2.8","2","3.6","900","%","Crude Prevalence",,,"BRFSS","CLASS03","TOPIC18","02","SEX2","CAT2","DIABETE4","RESP052","
,  
(64.84507995700051, -147.72205903599973)"
"2023","AK","Alaska","Chronic Health Indicators","Diabetes","Have you ever been told by a doctor that you have diabetes?","Yes","18-24","Age Group","2",,,,"901","%","Crude Prevalence","*","Prevalence estimate not available if the unweighted sample size for the denominator was < 50 or the Relative Standard Error (RSE) is > 0.3 or if the state did not collect data for that calendar year.","BRFSS","CLASS03","TOPIC18","02","AGE01","CAT3","DIABETE4","RESP046","
,  
(64.84507995700051, -147.72205903599973)"
"2023","AK","Alaska","Chronic Health Indicators","Diabetes","Have you ever been told by a doctor that you have diabetes?","Yes, pregnancy-related","18-24","Age Group","1",,,,"902","%","Crude Prevalence","*","Prevalence estimate not available if the unweighted sample size for the denominator was < 50 or the Relative Standard Error (RSE) is > 0.3 or if the state did not collect data for that calendar year.","BRFSS","CLASS03","TOPIC18","02","AGE01","CAT3","DIABETE4","RESP051","
,  
(64.84507995700051, -147.72205903599973)"
"2023","AK","Alaska","Chronic Health Indicators","Diabetes","Have you ever been told by a doctor that you have diabetes?","No","18-24","Age Group","332","98.7","97.4","100","903","%","Crude Prevalence",,,"BRFSS","CLASS03","TOPIC18","02","AGE01","CAT3","DIABETE4","RESP054","
,  
(64.84507995700051, -147.72205903599973)"
"2023","AK","Alaska","Chronic Health Indicators","Diabetes","Have you ever been told by a doctor that you have diabetes?","No, pre-diabetes or borderline diabetes","18-24","Age Group","2",,,,"904","%","Crude Prevalence","*","Prevalence estimate not available if the unweighted sample size for the denominator was < 50 or the Relative Standard Error (RSE) is > 0.3 or if the state did not collect data for that calendar year.","BRFSS","CLASS03","TOPIC18","02","AGE01","CAT3","DIABETE4","RESP052","
,  
(64.84507995700051, -147.72205903599973)"
"2023","AK","Alaska","Chronic Health Indicators","Diabetes","Have you ever been told by a doctor that you have diabetes?","Yes","25-34","Age Group","14",,,,"905","%","Crude Prevalence","*","Prevalence estimate not available if the unweighted sample size for the denominator was < 50 or the Relative Standard Error (RSE) is > 0.3 or if the state did not collect data for that calendar year.","BRFSS","CLASS03","TOPIC18","02","AGE02","CAT3","DIABETE4","RESP046","
,  
(64.84507995700051, -147.72205903599973)"
"2023","AK","Alaska","Chronic Health Indicators","Diabetes","Have you ever been told by a doctor that you have diabetes?","Yes, pregnancy-related","25-34","Age Group","10",,,,"906","%","Crude Prevalence","*","Prevalence estimate not available if the unweighted sample size for the denominator was < 50 or the Relative Standard Error (RSE) is > 0.3 or if the state did not collect data for that calendar year.","BRFSS","CLASS03","TOPIC18","02","AGE02","CAT3","DIABETE4","RESP051","
,  
(64.84507995700051, -147.72205903599973)"
"2023","AK","Alaska","Chronic Health Indicators","Diabetes","Have you ever been told by a doctor that you have diabetes?","No","25-34","Age Group","601","95.8","94","97.5","907","%","Crude Prevalence",,,"BRFSS","CLASS03","TOPIC18","02","AGE02","CAT3","DIABETE4","RESP054","
,  
(64.84507995700051, -147.72205903599973)"
"2023","AK","Alaska","Chronic Health Indicators","Diabetes","Have you ever been told by a doctor that you have diabetes?","No, pre-diabetes or borderline diabetes","25-34","Age Group","6",,,,"908","%","Crude Prevalence","*","Prevalence estimate not available if the unweighted sample size for the denominator was < 50 or the Relative Standard Error (RSE) is > 0.3 or if the state did not collect data for that calendar year.","BRFSS","CLASS03","TOPIC18","02","AGE02","CAT3","DIABETE4","RESP052","
,  
(64.84507995700051, -147.72205903599973)"
"2023","AK","Alaska","Chronic Health Indicators","Diabetes","Have you ever been told by a doctor that you have diabetes?","Yes","35-44","Age Group","31","4.6","2.8","6.4","909","%","Crude Prevalence",,,"BRFSS","CLASS03","TOPIC18","02","AGE03","CAT3","DIABETE4","RESP046","
,  
(64.84507995700051, -147.72205903599973)"
"2023","AK","Alaska","Chronic Health Indicators","Diabetes","Have you ever been told by a doctor that you have diabetes?","Yes, pregnancy-related","35-44","Age Group","16","2","0.9","3.1","910","%","Crude Prevalence",,,"BRFSS","CLASS03","TOPIC18","02","AGE03","CAT3","DIABETE4","RESP051","
,  
(64.84507995700051, -147.72205903599973)"
"2023","AK","Alaska","Chronic Health Indicators","Diabetes","Have you ever been told by a doctor that you have diabetes?","No","35-44","Age Group","759","92.2","89.8","94.5","911","%","Crude Prevalence",,,"BRFSS","CLASS03","TOPIC18","02","AGE03","CAT3","DIABETE4","RESP054","
,  
(64.84507995700051, -147.72205903599973)"
"2023","AK","Alaska","Chronic Health Indicators","Diabetes","Have you ever been told by a doctor that you have diabetes?","No, pre-diabetes or borderline diabetes","35-44","Age Group","9",,,,"912","%","Crude Prevalence","*","Prevalence estimate not available if the unweighted sample size for the denominator was < 50 or the Relative Standard Error (RSE) is > 0.3 or if the state did not collect data for that calendar year.","BRFSS","CLASS03","TOPIC18","02","AGE03","CAT3","DIABETE4","RESP052","
,  
(64.84507995700051, -147.72205903599973)"
"2023","AK","Alaska","Chronic Health Indicators","Diabetes","Have you ever been told by a doctor that you have diabetes?","Yes","45-54","Age Group","73","8","5.8","10.3","913","%","Crude Prevalence",,,"BRFSS","CLASS03","TOPIC18","02","AGE04","CAT3","DIABETE4","RESP046","
,  
(64.84507995700051, -147.72205903599973)"
"2023","AK","Alaska","Chronic Health Indicators","Diabetes","Have you ever been told by a doctor that you have diabetes?","Yes, pregnancy-related","45-54","Age Group","10",,,,"914","%","Crude Prevalence","*","Prevalence estimate not available if the unweighted sample size for the denominator was < 50 or the Relative Standard Error (RSE) is > 0.3 or if the state did not collect data for that calendar year.","BRFSS","CLASS03","TOPIC18","02","AGE04","CAT3","DIABETE4","RESP051","
,  
(64.84507995700051, -147.72205903599973)"
"2023","AK","Alaska","Chronic Health Indicators","Diabetes","Have you ever been told by a doctor that you have diabetes?","No","45-54","Age Group","741","88","85.3","90.8","915","%","Crude Prevalence",,,"BRFSS","CLASS03","TOPIC18","02","AGE04","CAT3","DIABETE4","RESP054","
,  
(64.84507995700051, -147.72205903599973)"
"2023","AK","Alaska","Chronic Health Indicators","Diabetes","Have you ever been told by a doctor that you have diabetes?","No, pre-diabetes or borderline diabetes","45-54","Age Group","25","3","1.4","4.5","916","%","Crude Prevalence",,,"BRFSS","CLASS03","TOPIC18","02","AGE04","CAT3","DIABETE4","RESP052","
,  
(64.84507995700051, -147.72205903599973)"
"2023","AK","Alaska","Chronic Health Indicators","Diabetes","Have you ever been told by a doctor that you have diabetes?","Yes","55-64","Age Group","141","15.9","12.4","19.4","917","%","Crude Prevalence",,,"BRFSS","CLASS03","TOPIC18","02","AGE05","CAT3","DIABETE4","RESP046","
,  
(64.84507995700051, -147.72205903599973)"
"2023","AK","Alaska","Chronic Health Indicators","Diabetes","Have you ever been told by a doctor that you have diabetes?","Yes, pregnancy-related","55-64","Age Group","6",,,,"918","%","Crude Prevalence","*","Prevalence estimate not available if the unweighted sample size for the denominator was < 50 or the Relative Standard Error (RSE) is > 0.3 or if the state did not collect data for that calendar year.","BRFSS","CLASS03","TOPIC18","02","AGE05","CAT3","DIABETE4","RESP051","
,  
(64.84507995700051, -147.72205903599973)"
"2023","AK","Alaska","Chronic Health Indicators","Diabetes","Have you ever been told by a doctor that you have diabetes?","No","55-64","Age Group","833","78.9","75.1","82.6","919","%","Crude Prevalence",,,"BRFSS","CLASS03","TOPIC18","02","AGE05","CAT3","DIABETE4","RESP054","
,  
(64.84507995700051, -147.72205903599973)"
"2023","AK","Alaska","Chronic Health Indicators","Diabetes","Have you ever been told by a doctor that you have diabetes?","No, pre-diabetes or borderline diabetes","55-64","Age Group","40","4.6","2.7","6.5","920","%","Crude Prevalence",,,"BRFSS","CLASS03","TOPIC18","02","AGE05","CAT3","DIABETE4","RESP052","
,  
(64.84507995700051, -147.72205903599973)"
"2023","AK","Alaska","Chronic Health Indicators","Diabetes","Have you ever been told by a doctor that you have diabetes?","Yes","65+","Age Group","305","18.3","15.7","20.8","921","%","Crude Prevalence",,,"BRFSS","CLASS03","TOPIC18","02","AGE09","CAT3","DIABETE4","RESP046","
,  
(64.84507995700051, -147.72205903599973)"
"2023","AK","Alaska","Chronic Health Indicators","Diabetes","Have you ever been told by a doctor that you have diabetes?","Yes, pregnancy-related","65+","Age Group","7",,,,"922","%","Crude Prevalence","*","Prevalence estimate not available if the unweighted sample size for the denominator was < 50 or the Relative Standard Error (RSE) is > 0.3 or if the state did not collect data for that calendar year.","BRFSS","CLASS03","TOPIC18","02","AGE09","CAT3","DIABETE4","RESP051","
,  
(64.84507995700051, -147.72205903599973)"
"2023","AK","Alaska","Chronic Health Indicators","Diabetes","Have you ever been told by a doctor that you have diabetes?","No","65+","Age Group","1472","76.7","74","79.5","923","%","Crude Prevalence",,,"BRFSS","CLASS03","TOPIC18","02","AGE09","CAT3","DIABETE4","RESP054","
,  
(64.84507995700051, -147.72205903599973)"
"2023","AK","Alaska","Chronic Health Indicators","Diabetes","Have you ever been told by a doctor that you have diabetes?","No, pre-diabetes or borderline diabetes","65+","Age Group","75","4.7","3.2","6.2","924","%","Crude Prevalence",,,"BRFSS","CLASS03","TOPIC18","02","AGE09","CAT3","DIABETE4","RESP052","
,  
(64.84507995700051, -147.72205903599973)"
"2023","AK","Alaska","Chronic Health Indicators","Diabetes","Have you ever been told by a doctor that you have diabetes?","Yes","White, non-Hispanic","Race/Ethnicity","400","8.6","7.6","9.7","925","%","Crude Prevalence",,,"BRFSS","CLASS03","TOPIC18","02","RACE01","CAT4","DIABETE4","RESP046","
,  
(64.84507995700051, -147.72205903599973)"
"2023","AK","Alaska","Chronic Health Indicators","Diabetes","Have you ever been told by a doctor that you have diabetes?","Yes, pregnancy-related","White, non-Hispanic","Race/Ethnicity","27","0.5","0.3","0.8","926","%","Crude Prevalence",,,"BRFSS","CLASS03","TOPIC18","02","RACE01","CAT4","DIABETE4","RESP051","
,  
(64.84507995700051, -147.72205903599973)"
"2023","AK","Alaska","Chronic Health Indicators","Diabetes","Have you ever been told by a doctor that you have diabetes?","No","White, non-Hispanic","Race/Ethnicity","3452","89","87.8","90.2","927","%","Crude Prevalence",,,"BRFSS","CLASS03","TOPIC18","02","RACE01","CAT4","DIABETE4","RESP054","
,  
(64.84507995700051, -147.72205903599973)"
"2023","AK","Alaska","Chronic Health Indicators","Diabetes","Have you ever been told by a doctor that you have diabetes?","No, pre-diabetes or borderline diabetes","White, non-Hispanic","Race/Ethnicity","85","1.8","1.3","2.3","928","%","Crude Prevalence",,,"BRFSS","CLASS03","TOPIC18","02","RACE01","CAT4","DIABETE4","RESP052","
,  
(64.84507995700051, -147.72205903599973)"
"2023","AK","Alaska","Chronic Health Indicators","Diabetes","Have you ever been told by a doctor that you have diabetes?","Yes","Black, non-Hispanic","Race/Ethnicity","25","14.6","7.6","21.6","929","%","Crude Prevalence",,,"BRFSS","CLASS03","TOPIC18","02","RACE02","CAT4","DIABETE4","RESP046","
,  
(64.84507995700051, -147.72205903599973)"
"2023","AK","Alaska","Chronic Health Indicators","Diabetes","Have you ever been told by a doctor that you have diabetes?","Yes, pregnancy-related","Black, non-Hispanic","Race/Ethnicity","2",,,,"930","%","Crude Prevalence","*","Prevalence estimate not available if the unweighted sample size for the denominator was < 50 or the Relative Standard Error (RSE) is > 0.3 or if the state did not collect data for that calendar year.","BRFSS","CLASS03","TOPIC18","02","RACE02","CAT4","DIABETE4","RESP051","
,  
(64.84507995700051, -147.72205903599973)"
"2023","AK","Alaska","Chronic Health Indicators","Diabetes","Have you ever been told by a doctor that you have diabetes?","No","Black, non-Hispanic","Race/Ethnicity","95","77.8","68.9","86.7","931","%","Crude Prevalence",,,"BRFSS","CLASS03","TOPIC18","02","RACE02","CAT4","DIABETE4","RESP054","
,  
(64.84507995700051, -147.72205903599973)"
"2023","AK","Alaska","Chronic Health Indicators","Diabetes","Have you ever been told by a doctor that you have diabetes?","No, pre-diabetes or borderline diabetes","Black, non-Hispanic","Race/Ethnicity","5",,,,"932","%","Crude Prevalence","*","Prevalence estimate not available if the unweighted sample size for the denominator was < 50 or the Relative Standard Error (RSE) is > 0.3 or if the state did not collect data for that calendar year.","BRFSS","CLASS03","TOPIC18","02","RACE02","CAT4","DIABETE4","RESP052","
,  
(64.84507995700051, -147.72205903599973)"
"2023","AK","Alaska","Chronic Health Indicators","Diabetes","Have you ever been told by a doctor that you have diabetes?","Yes","American Indian or Alaskan Native, non-Hispanic","Race/Ethnicity","67","8.9","5.9","11.9","933","%","Crude Prevalence",,,"BRFSS","CLASS03","TOPIC18","02","RACE03","CAT4","DIABETE4","RESP046","
,  
(64.84507995700051, -147.72205903599973)"
"2023","AK","Alaska","Chronic Health Indicators","Diabetes","Have you ever been told by a doctor that you have diabetes?","Yes, pregnancy-related","American Indian or Alaskan Native, non-Hispanic","Race/Ethnicity","11",,,,"934","%","Crude Prevalence","*","Prevalence estimate not available if the unweighted sample size for the denominator was < 50 or the Relative Standard Error (RSE) is > 0.3 or if the state did not collect data for that calendar year.","BRFSS","CLASS03","TOPIC18","02","RACE03","CAT4","DIABETE4","RESP051","
,  
(64.84507995700051, -147.72205903599973)"
"2023","AK","Alaska","Chronic Health Indicators","Diabetes","Have you ever been told by a doctor that you have diabetes?","No","American Indian or Alaskan Native, non-Hispanic","Race/Ethnicity","559","84.7","81","88.4","935","%","Crude Prevalence",,,"BRFSS","CLASS03","TOPIC18","02","RACE03","CAT4","DIABETE4","RESP054","
,  
(64.84507995700051, -147.72205903599973)"
"2023","AK","Alaska","Chronic Health Indicators","Diabetes","Have you ever been told by a doctor that you have diabetes?","No, pre-diabetes or borderline diabetes","American Indian or Alaskan Native, non-Hispanic","Race/Ethnicity","37","4.6","2.6","6.6","936","%","Crude Prevalence",,,"BRFSS","CLASS03","TOPIC18","02","RACE03","CAT4","DIABETE4","RESP052","
,  
(64.84507995700051, -147.72205903599973)"
"2023","AK","Alaska","Chronic Health Indicators","Diabetes","Have you ever been told by a doctor that you have diabetes?","Yes","Asian, non-Hispanic","Race/Ethnicity","18","13.4","6.5","20.2","937","%","Crude Prevalence",,,"BRFSS","CLASS03","TOPIC18","02","RACE04","CAT4","DIABETE4","RESP046","
,  
(64.84507995700051, -147.72205903599973)"
"2023","AK","Alaska","Chronic Health Indicators","Diabetes","Have you ever been told by a doctor that you have diabetes?","Yes, pregnancy-related","Asian, non-Hispanic","Race/Ethnicity","3",,,,"938","%","Crude Prevalence","*","Prevalence estimate not available if the unweighted sample size for the denominator was < 50 or the Relative Standard Error (RSE) is > 0.3 or if the state did not collect data for that calendar year.","BRFSS","CLASS03","TOPIC18","02","RACE04","CAT4","DIABETE4","RESP051","
,  
(64.84507995700051, -147.72205903599973)"
"2023","AK","Alaska","Chronic Health Indicators","Diabetes","Have you ever been told by a doctor that you have diabetes?","No","Asian, non-Hispanic","Race/Ethnicity","105","82.3","74.9","89.8","939","%","Crude Prevalence",,,"BRFSS","CLASS03","TOPIC18","02","RACE04","CAT4","DIABETE4","RESP054","
,  
(64.84507995700051, -147.72205903599973)"
"2023","AK","Alaska","Chronic Health Indicators","Diabetes","Have you ever been told by a doctor that you have diabetes?","No, pre-diabetes or borderline diabetes","Asian, non-Hispanic","Race/Ethnicity","5",,,,"940","%","Crude Prevalence","*","Prevalence estimate not available if the unweighted sample size for the denominator was < 50 or the Relative Standard Error (RSE) is > 0.3 or if the state did not collect data for that calendar year.","BRFSS","CLASS03","TOPIC18","02","RACE04","CAT4","DIABETE4","RESP052","
,  
(64.84507995700051, -147.72205903599973)"
"2023","AK","Alaska","Chronic Health Indicators","Diabetes","Have you ever been told by a doctor that you have diabetes?","Yes","Native Hawaiian or other Pacific Islander, non-Hispanic","Race/Ethnicity","5",,,,"941","%","Crude Prevalence","*","Prevalence estimate not available if the unweighted sample size for the denominator was < 50 or the Relative Standard Error (RSE) is > 0.3 or if the state did not collect data for that calendar year.","BRFSS","CLASS03","TOPIC18","02","RACE05","CAT4","DIABETE4","RESP046","
,  
(64.84507995700051, -147.72205903599973)"
"2023","AK","Alaska","Chronic Health Indicators","Diabetes","Have you ever been told by a doctor that you have diabetes?","Yes, pregnancy-related","Native Hawaiian or other Pacific Islander, non-Hispanic","Race/Ethnicity","0",,,,"942","%","Crude Prevalence","***","No responses for this data cell","BRFSS","CLASS03","TOPIC18","02","RACE05","CAT4","DIABETE4","RESP051","
,  
(64.84507995700051, -147.72205903599973)"
"2023","AK","Alaska","Chronic Health Indicators","Diabetes","Have you ever been told by a doctor that you have diabetes?","No","Native Hawaiian or other Pacific Islander, non-Hispanic","Race/Ethnicity","29",,,,"943","%","Crude Prevalence","*","Prevalence estimate not available if the unweighted sample size for the denominator was < 50 or the Relative Standard Error (RSE) is > 0.3 or if the state did not collect data for that calendar year.","BRFSS","CLASS03","TOPIC18","02","RACE05","CAT4","DIABETE4","RESP054","
,  
(64.84507995700051, -147.72205903599973)"
"2023","AK","Alaska","Chronic Health Indicators","Diabetes","Have you ever been told by a doctor that you have diabetes?","No, pre-diabetes or borderline diabetes","Native Hawaiian or other Pacific Islander, non-Hispanic","Race/Ethnicity","2",,,,"944","%","Crude Prevalence","*","Prevalence estimate not available if the unweighted sample size for the denominator was < 50 or the Relative Standard Error (RSE) is > 0.3 or if the state did not collect data for that calendar year.","BRFSS","CLASS03","TOPIC18","02","RACE05","CAT4","DIABETE4","RESP052","
,  
(64.84507995700051, -147.72205903599973)"
"2023","AK","Alaska","Chronic Health Indicators","Diabetes","Have you ever been told by a doctor that you have diabetes?","Yes","Other, non-Hispanic","Race/Ethnicity","7",,,,"945","%","Crude Prevalence","*","Prevalence estimate not available if the unweighted sample size for the denominator was < 50 or the Relative Standard Error (RSE) is > 0.3 or if the state did not collect data for that calendar year.","BRFSS","CLASS03","TOPIC18","02","RACE06","CAT4","DIABETE4","RESP046","
,  
(64.84507995700051, -147.72205903599973)"
"2023","AK","Alaska","Chronic Health Indicators","Diabetes","Have you ever been told by a doctor that you have diabetes?","Yes, pregnancy-related","Other, non-Hispanic","Race/Ethnicity","0",,,,"946","%","Crude Prevalence","***","No responses for this data cell","BRFSS","CLASS03","TOPIC18","02","RACE06","CAT4","DIABETE4","RESP051","
,  
(64.84507995700051, -147.72205903599973)"
"2023","AK","Alaska","Chronic Health Indicators","Diabetes","Have you ever been told by a doctor that you have diabetes?","No","Other, non-Hispanic","Race/Ethnicity","45","87.4","79.1","95.8","947","%","Crude Prevalence",,,"BRFSS","CLASS03","TOPIC18","02","RACE06","CAT4","DIABETE4","RESP054","
,  
(64.84507995700051, -147.72205903599973)"
"2023","AK","Alaska","Chronic Health Indicators","Diabetes","Have you ever been told by a doctor that you have diabetes?","No, pre-diabetes or borderline diabetes","Other, non-Hispanic","Race/Ethnicity","4",,,,"948","%","Crude Prevalence","*","Prevalence estimate not available if the unweighted sample size for the denominator was < 50 or the Relative Standard Error (RSE) is > 0.3 or if the state did not collect data for that calendar year.","BRFSS","CLASS03","TOPIC18","02","RACE06","CAT4","DIABETE4","RESP052","
,  
(64.84507995700051, -147.72205903599973)"
"2023","AK","Alaska","Chronic Health Indicators","Diabetes","Have you ever been told by a doctor that you have diabetes?","Yes","Multiracial, non-Hispanic","Race/Ethnicity","26","5.6","2.9","8.3","949","%","Crude Prevalence",,,"BRFSS","CLASS03","TOPIC18","02","RACE07","CAT4","DIABETE4","RESP046","
,  
(64.84507995700051, -147.72205903599973)"
"2023","AK","Alaska","Chronic Health Indicators","Diabetes","Have you ever been told by a doctor that you have diabetes?","Yes, pregnancy-related","Multiracial, non-Hispanic","Race/Ethnicity","3",,,,"950","%","Crude Prevalence","*","Prevalence estimate not available if the unweighted sample size for the denominator was < 50 or the Relative Standard Error (RSE) is > 0.3 or if the state did not collect data for that calendar year.","BRFSS","CLASS03","TOPIC18","02","RACE07","CAT4","DIABETE4","RESP051","
,  
(64.84507995700051, -147.72205903599973)"
"2023","AK","Alaska","Chronic Health Indicators","Diabetes","Have you ever been told by a doctor that you have diabetes?","No","Multiracial, non-Hispanic","Race/Ethnicity","259","92.1","89","95.2","951","%","Crude Prevalence",,,"BRFSS","CLASS03","TOPIC18","02","RACE07","CAT4","DIABETE4","RESP054","
,  
(64.84507995700051, -147.72205903599973)"
"2023","AK","Alaska","Chronic Health Indicators","Diabetes","Have you ever been told by a doctor that you have diabetes?","No, pre-diabetes or borderline diabetes","Multiracial, non-Hispanic","Race/Ethnicity","9",,,,"952","%","Crude Prevalence","*","Prevalence estimate not available if the unweighted sample size for the denominator was < 50 or the Relative Standard Error (RSE) is > 0.3 or if the state did not collect data for that calendar year.","BRFSS","CLASS03","TOPIC18","02","RACE07","CAT4","DIABETE4","RESP052","
,  
(64.84507995700051, -147.72205903599973)"
"2023","AK","Alaska","Chronic Health Indicators","Diabetes","Have you ever been told by a doctor that you have diabetes?","Yes","Hispanic","Race/Ethnicity","17","5","2.1","8","953","%","Crude Prevalence",,,"BRFSS","CLASS03","TOPIC18","02","RACE08","CAT4","DIABETE4","RESP046","
,  
(64.84507995700051, -147.72205903599973)"
"2023","AK","Alaska","Chronic Health Indicators","Diabetes","Have you ever been told by a doctor that you have diabetes?","Yes, pregnancy-related","Hispanic","Race/Ethnicity","4",,,,"954","%","Crude Prevalence","*","Prevalence estimate not available if the unweighted sample size for the denominator was < 50 or the Relative Standard Error (RSE) is > 0.3 or if the state did not collect data for that calendar year.","BRFSS","CLASS03","TOPIC18","02","RACE08","CAT4","DIABETE4","RESP051","
,  
(64.84507995700051, -147.72205903599973)"
"2023","AK","Alaska","Chronic Health Indicators","Diabetes","Have you ever been told by a doctor that you have diabetes?","No","Hispanic","Race/Ethnicity","192","88.9","84.3","93.5","955","%","Crude Prevalence",,,"BRFSS","CLASS03","TOPIC18","02","RACE08","CAT4","DIABETE4","RESP054","
,  
(64.84507995700051, -147.72205903599973)"
"2023","AK","Alaska","Chronic Health Indicators","Diabetes","Have you ever been told by a doctor that you have diabetes?","No, pre-diabetes or borderline diabetes","Hispanic","Race/Ethnicity","10",,,,"956","%","Crude Prevalence","*","Prevalence estimate not available if the unweighted sample size for the denominator was < 50 or the Relative Standard Error (RSE) is > 0.3 or if the state did not collect data for that calendar year.","BRFSS","CLASS03","TOPIC18","02","RACE08","CAT4","DIABETE4","RESP052","
,  
(64.84507995700051, -147.72205903599973)"
"2023","AK","Alaska","Chronic Health Indicators","Diabetes","Have you ever been told by a doctor that you have diabetes?","Yes","Less than H.S.","Education Attained","31","10","5.5","14.6","957","%","Crude Prevalence",,,"BRFSS","CLASS03","TOPIC18","02","EDUCA1","CAT5","DIABETE4","RESP046","
,  
(64.84507995700051, -147.72205903599973)"
"2023","AK","Alaska","Chronic Health Indicators","Diabetes","Have you ever been told by a doctor that you have diabetes?","Yes, pregnancy-related","Less than H.S.","Education Attained","0",,,,"958","%","Crude Prevalence","***","No responses for this data cell","BRFSS","CLASS03","TOPIC18","02","EDUCA1","CAT5","DIABETE4","RESP051","
,  
(64.84507995700051, -147.72205903599973)"
"2023","AK","Alaska","Chronic Health Indicators","Diabetes","Have you ever been told by a doctor that you have diabetes?","No","Less than H.S.","Education Attained","173","87.8","82.8","92.7","959","%","Crude Prevalence",,,"BRFSS","CLASS03","TOPIC18","02","EDUCA1","CAT5","DIABETE4","RESP054","
,  
(64.84507995700051, -147.72205903599973)"
"2023","AK","Alaska","Chronic Health Indicators","Diabetes","Have you ever been told by a doctor that you have diabetes?","No, pre-diabetes or borderline diabetes","Less than H.S.","Education Attained","5",,,,"960","%","Crude Prevalence","*","Prevalence estimate not available if the unweighted sample size for the denominator was < 50 or the Relative Standard Error (RSE) is > 0.3 or if the state did not collect data for that calendar year.","BRFSS","CLASS03","TOPIC18","02","EDUCA1","CAT5","DIABETE4","RESP052","
,  
(64.84507995700051, -147.72205903599973)"
"2023","AK","Alaska","Chronic Health Indicators","Diabetes","Have you ever been told by a doctor that you have diabetes?","Yes","H.S. or G.E.D.","Education Attained","149","8.7","6.9","10.4","961","%","Crude Prevalence",,,"BRFSS","CLASS03","TOPIC18","02","EDUCA2","CAT5","DIABETE4","RESP046","
,  
(64.84507995700051, -147.72205903599973)"
"2023","AK","Alaska","Chronic Health Indicators","Diabetes","Have you ever been told by a doctor that you have diabetes?","Yes, pregnancy-related","H.S. or G.E.D.","Education Attained","11",,,,"962","%","Crude Prevalence","*","Prevalence estimate not available if the unweighted sample size for the denominator was < 50 or the Relative Standard Error (RSE) is > 0.3 or if the state did not collect data for that calendar year.","BRFSS","CLASS03","TOPIC18","02","EDUCA2","CAT5","DIABETE4","RESP051","
,  
(64.84507995700051, -147.72205903599973)"
"2023","AK","Alaska","Chronic Health Indicators","Diabetes","Have you ever been told by a doctor that you have diabetes?","No","H.S. or G.E.D.","Education Attained","1234","88","85.9","90","963","%","Crude Prevalence",,,"BRFSS","CLASS03","TOPIC18","02","EDUCA2","CAT5","DIABETE4","RESP054","
,  
(64.84507995700051, -147.72205903599973)"
"2023","AK","Alaska","Chronic Health Indicators","Diabetes","Have you ever been told by a doctor that you have diabetes?","No, pre-diabetes or borderline diabetes","H.S. or G.E.D.","Education Attained","44","2.5","1.4","3.5","964","%","Crude Prevalence",,,"BRFSS","CLASS03","TOPIC18","02","EDUCA2","CAT5","DIABETE4","RESP052","
,  
(64.84507995700051, -147.72205903599973)"
"2023","AK","Alaska","Chronic Health Indicators","Diabetes","Have you ever been told by a doctor that you have diabetes?","Yes","Some post-H.S.","Education Attained","194","9.8","7.9","11.6","965","%","Crude Prevalence",,,"BRFSS","CLASS03","TOPIC18","02","EDUCA3","CAT5","DIABETE4","RESP046","
,  
(64.84507995700051, -147.72205903599973)"
"2023","AK","Alaska","Chronic Health Indicators","Diabetes","Have you ever been told by a doctor that you have diabetes?","Yes, pregnancy-related","Some post-H.S.","Education Attained","16","0.9","0.4","1.4","966","%","Crude Prevalence",,,"BRFSS","CLASS03","TOPIC18","02","EDUCA3","CAT5","DIABETE4","RESP051","
,  
(64.84507995700051, -147.72205903599973)"
"2023","AK","Alaska","Chronic Health Indicators","Diabetes","Have you ever been told by a doctor that you have diabetes?","No","Some post-H.S.","Education Attained","1297","86.1","83.9","88.2","967","%","Crude Prevalence",,,"BRFSS","CLASS03","TOPIC18","02","EDUCA3","CAT5","DIABETE4","RESP054","
,  
(64.84507995700051, -147.72205903599973)"
"2023","AK","Alaska","Chronic Health Indicators","Diabetes","Have you ever been told by a doctor that you have diabetes?","No, pre-diabetes or borderline diabetes","Some post-H.S.","Education Attained","59","3.3","2.2","4.4","968","%","Crude Prevalence",,,"BRFSS","CLASS03","TOPIC18","02","EDUCA3","CAT5","DIABETE4","RESP052","
,  
(64.84507995700051, -147.72205903599973)"
"2023","AK","Alaska","Chronic Health Indicators","Diabetes","Have you ever been told by a doctor that you have diabetes?","Yes","College graduate","Education Attained","190","7.1","5.8","8.4","969","%","Crude Prevalence",,,"BRFSS","CLASS03","TOPIC18","02","EDUCA4","CAT5","DIABETE4","RESP046","
,  
(64.84507995700051, -147.72205903599973)"
"2023","AK","Alaska","Chronic Health Indicators","Diabetes","Have you ever been told by a doctor that you have diabetes?","Yes, pregnancy-related","College graduate","Education Attained","22","1.2","0.5","1.9","970","%","Crude Prevalence",,,"BRFSS","CLASS03","TOPIC18","02","EDUCA4","CAT5","DIABETE4","RESP051","
,  
(64.84507995700051, -147.72205903599973)"
"2023","AK","Alaska","Chronic Health Indicators","Diabetes","Have you ever been told by a doctor that you have diabetes?","No","College graduate","Education Attained","2004","89.9","88.4","91.5","971","%","Crude Prevalence",,,"BRFSS","CLASS03","TOPIC18","02","EDUCA4","CAT5","DIABETE4","RESP054","
,  
(64.84507995700051, -147.72205903599973)"
"2023","AK","Alaska","Chronic Health Indicators","Diabetes","Have you ever been told by a doctor that you have diabetes?","No, pre-diabetes or borderline diabetes","College graduate","Education Attained","49","1.7","1.1","2.4","972","%","Crude Prevalence",,,"BRFSS","CLASS03","TOPIC18","02","EDUCA4","CAT5","DIABETE4","RESP052","
,  
(64.84507995700051, -147.72205903599973)"
"2023","AK","Alaska","Chronic Health Indicators","Diabetes","Have you ever been told by a doctor that you have diabetes?","Yes","Less than $15,000","Household Income","34","16.5","10.2","22.9","973","%","Crude Prevalence",,,"BRFSS","CLASS03","TOPIC18","02","INCOME01","CAT6","DIABETE4","RESP046","
,  
(64.84507995700051, -147.72205903599973)"
"2023","AK","Alaska","Chronic Health Indicators","Diabetes","Have you ever been told by a doctor that you have diabetes?","Yes, pregnancy-related","Less than $15,000","Household Income","3",,,,"974","%","Crude Prevalence","*","Prevalence estimate not available if the unweighted sample size for the denominator was < 50 or the Relative Standard Error (RSE) is > 0.3 or if the state did not collect data for that calendar year.","BRFSS","CLASS03","TOPIC18","02","INCOME01","CAT6","DIABETE4","RESP051","
,  
(64.84507995700051, -147.72205903599973)"
"2023","AK","Alaska","Chronic Health Indicators","Diabetes","Have you ever been told by a doctor that you have diabetes?","No","Less than $15,000","Household Income","155","77.8","70.8","84.7","975","%","Crude Prevalence",,,"BRFSS","CLASS03","TOPIC18","02","INCOME01","CAT6","DIABETE4","RESP054","
,  
(64.84507995700051, -147.72205903599973)"
"2023","AK","Alaska","Chronic Health Indicators","Diabetes","Have you ever been told by a doctor that you have diabetes?","No, pre-diabetes or borderline diabetes","Less than $15,000","Household Income","12",,,,"976","%","Crude Prevalence","*","Prevalence estimate not available if the unweighted sample size for the denominator was < 50 or the Relative Standard Error (RSE) is > 0.3 or if the state did not collect data for that calendar year.","BRFSS","CLASS03","TOPIC18","02","INCOME01","CAT6","DIABETE4","RESP052","
,  
(64.84507995700051, -147.72205903599973)"
"2023","AK","Alaska","Chronic Health Indicators","Diabetes","Have you ever been told by a doctor that you have diabetes?","Yes","$15,000-$24,999","Household Income","38","9.4","5.8","13.1","977","%","Crude Prevalence",,,"BRFSS","CLASS03","TOPIC18","02","INCOME02","CAT6","DIABETE4","RESP046","
,  
(64.84507995700051, -147.72205903599973)"
"2023","AK","Alaska","Chronic Health Indicators","Diabetes","Have you ever been told by a doctor that you have diabetes?","Yes, pregnancy-related","$15,000-$24,999","Household Income","2",,,,"978","%","Crude Prevalence","*","Prevalence estimate not available if the unweighted sample size for the denominator was < 50 or the Relative Standard Error (RSE) is > 0.3 or if the state did not collect data for that calendar year.","BRFSS","CLASS03","TOPIC18","02","INCOME02","CAT6","DIABETE4","RESP051","
,  
(64.84507995700051, -147.72205903599973)"
"2023","AK","Alaska","Chronic Health Indicators","Diabetes","Have you ever been told by a doctor that you have diabetes?","No","$15,000-$24,999","Household Income","257","85.2","80.5","90","979","%","Crude Prevalence",,,"BRFSS","CLASS03","TOPIC18","02","INCOME02","CAT6","DIABETE4","RESP054","
,  
(64.84507995700051, -147.72205903599973)"
"2023","AK","Alaska","Chronic Health Indicators","Diabetes","Have you ever been told by a doctor that you have diabetes?","No, pre-diabetes or borderline diabetes","$15,000-$24,999","Household Income","14",,,,"980","%","Crude Prevalence","*","Prevalence estimate not available if the unweighted sample size for the denominator was < 50 or the Relative Standard Error (RSE) is > 0.3 or if the state did not collect data for that calendar year.","BRFSS","CLASS03","TOPIC18","02","INCOME02","CAT6","DIABETE4","RESP052","
,  
(64.84507995700051, -147.72205903599973)"
"2023","AK","Alaska","Chronic Health Indicators","Diabetes","Have you ever been told by a doctor that you have diabetes?","Yes","$25,000-$34,999","Household Income","55","9.4","6.2","12.5","981","%","Crude Prevalence",,,"BRFSS","CLASS03","TOPIC18","02","INCOME03","CAT6","DIABETE4","RESP046","
,  
(64.84507995700051, -147.72205903599973)"
"2023","AK","Alaska","Chronic Health Indicators","Diabetes","Have you ever been told by a doctor that you have diabetes?","Yes, pregnancy-related","$25,000-$34,999","Household Income","5",,,,"982","%","Crude Prevalence","*","Prevalence estimate not available if the unweighted sample size for the denominator was < 50 or the Relative Standard Error (RSE) is > 0.3 or if the state did not collect data for that calendar year.","BRFSS","CLASS03","TOPIC18","02","INCOME03","CAT6","DIABETE4","RESP051","
,  
(64.84507995700051, -147.72205903599973)"
"2023","AK","Alaska","Chronic Health Indicators","Diabetes","Have you ever been told by a doctor that you have diabetes?","No","$25,000-$34,999","Household Income","330","86.2","82.3","90.1","983","%","Crude Prevalence",,,"BRFSS","CLASS03","TOPIC18","02","INCOME03","CAT6","DIABETE4","RESP054","
,  
(64.84507995700051, -147.72205903599973)"
"2023","AK","Alaska","Chronic Health Indicators","Diabetes","Have you ever been told by a doctor that you have diabetes?","No, pre-diabetes or borderline diabetes","$25,000-$34,999","Household Income","15",,,,"984","%","Crude Prevalence","*","Prevalence estimate not available if the unweighted sample size for the denominator was < 50 or the Relative Standard Error (RSE) is > 0.3 or if the state did not collect data for that calendar year.","BRFSS","CLASS03","TOPIC18","02","INCOME03","CAT6","DIABETE4","RESP052","
,  
(64.84507995700051, -147.72205903599973)"
"2023","AK","Alaska","Chronic Health Indicators","Diabetes","Have you ever been told by a doctor that you have diabetes?","Yes","$35,000-$49,999","Household Income","60","9.8","6.3","13.2","985","%","Crude Prevalence",,,"BRFSS","CLASS03","TOPIC18","02","INCOME04","CAT6","DIABETE4","RESP046","
,  
(64.84507995700051, -147.72205903599973)"
"2023","AK","Alaska","Chronic Health Indicators","Diabetes","Have you ever been told by a doctor that you have diabetes?","Yes, pregnancy-related","$35,000-$49,999","Household Income","6",,,,"986","%","Crude Prevalence","*","Prevalence estimate not available if the unweighted sample size for the denominator was < 50 or the Relative Standard Error (RSE) is > 0.3 or if the state did not collect data for that calendar year.","BRFSS","CLASS03","TOPIC18","02","INCOME04","CAT6","DIABETE4","RESP051","
,  
(64.84507995700051, -147.72205903599973)"
"2023","AK","Alaska","Chronic Health Indicators","Diabetes","Have you ever been told by a doctor that you have diabetes?","No","$35,000-$49,999","Household Income","421","85.7","81.8","89.6","987","%","Crude Prevalence",,,"BRFSS","CLASS03","TOPIC18","02","INCOME04","CAT6","DIABETE4","RESP054","
,  
(64.84507995700051, -147.72205903599973)"
"2023","AK","Alaska","Chronic Health Indicators","Diabetes","Have you ever been told by a doctor that you have diabetes?","No, pre-diabetes or borderline diabetes","$35,000-$49,999","Household Income","23","3.6","1.8","5.3","988","%","Crude Prevalence",,,"BRFSS","CLASS03","TOPIC18","02","INCOME04","CAT6","DIABETE4","RESP052","
,  
(64.84507995700051, -147.72205903599973)"
"2023","AK","Alaska","Chronic Health Indicators","Diabetes","Have you ever been told by a doctor that you have diabetes?","Yes","$50,000-$99,999","Household Income","145","9.3","7.2","11.5","989","%","Crude Prevalence",,,"BRFSS","CLASS03","TOPIC18","02","INCOME05","CAT6","DIABETE4","RESP046","
,  
(64.84507995700051, -147.72205903599973)"
"2023","AK","Alaska","Chronic Health Indicators","Diabetes","Have you ever been told by a doctor that you have diabetes?","Yes, pregnancy-related","$50,000-$99,999","Household Income","8",,,,"990","%","Crude Prevalence","*","Prevalence estimate not available if the unweighted sample size for the denominator was < 50 or the Relative Standard Error (RSE) is > 0.3 or if the state did not collect data for that calendar year.","BRFSS","CLASS03","TOPIC18","02","INCOME05","CAT6","DIABETE4","RESP051","
,  
(64.84507995700051, -147.72205903599973)"
"2023","AK","Alaska","Chronic Health Indicators","Diabetes","Have you ever been told by a doctor that you have diabetes?","No","$50,000-$99,999","Household Income","1372","87.9","85.5","90.2","991","%","Crude Prevalence",,,"BRFSS","CLASS03","TOPIC18","02","INCOME05","CAT6","DIABETE4","RESP054","
,  
(64.84507995700051, -147.72205903599973)"
"2023","AK","Alaska","Chronic Health Indicators","Diabetes","Have you ever been told by a doctor that you have diabetes?","No, pre-diabetes or borderline diabetes","$50,000-$99,999","Household Income","41","2.3","1.3","3.3","992","%","Crude Prevalence",,,"BRFSS","CLASS03","TOPIC18","02","INCOME05","CAT6","DIABETE4","RESP052","
,  
(64.84507995700051, -147.72205903599973)"
"2023","AK","Alaska","Chronic Health Indicators","Diabetes","Have you ever been told by a doctor that you have diabetes?","Yes","$100,000-$199,999","Household Income","102","7.1","5.4","8.8","993","%","Crude Prevalence",,,"BRFSS","CLASS03","TOPIC18","02","INCOME06","CAT6","DIABETE4","RESP046","
,  
(64.84507995700051, -147.72205903599973)"
"2023","AK","Alaska","Chronic Health Indicators","Diabetes","Have you ever been told by a doctor that you have diabetes?","Yes, pregnancy-related","$100,000-$199,999","Household Income","16",,,,"994","%","Crude Prevalence","*","Prevalence estimate not available if the unweighted sample size for the denominator was < 50 or the Relative Standard Error (RSE) is > 0.3 or if the state did not collect data for that calendar year.","BRFSS","CLASS03","TOPIC18","02","INCOME06","CAT6","DIABETE4","RESP051","
,  
(64.84507995700051, -147.72205903599973)"
"2023","AK","Alaska","Chronic Health Indicators","Diabetes","Have you ever been told by a doctor that you have diabetes?","No","$100,000-$199,999","Household Income","1031","89.1","86.9","91.4","995","%","Crude Prevalence",,,"BRFSS","CLASS03","TOPIC18","02","INCOME06","CAT6","DIABETE4","RESP054","
,  
(64.84507995700051, -147.72205903599973)"
"2023","AK","Alaska","Chronic Health Indicators","Diabetes","Have you ever been told by a doctor that you have diabetes?","No, pre-diabetes or borderline diabetes","$100,000-$199,999","Household Income","26","2.6","1.3","3.9","996","%","Crude Prevalence",,,"BRFSS","CLASS03","TOPIC18","02","INCOME06","CAT6","DIABETE4","RESP052","
,  
(64.84507995700051, -147.72205903599973)"
"2023","AK","Alaska","Chronic Health Indicators","Diabetes","Have you ever been told by a doctor that you have diabetes?","Yes","$200,000+","Household Income","26","6.7","3.4","9.9","997","%","Crude Prevalence",,,"BRFSS","CLASS03","TOPIC18","02","INCOME07","CAT6","DIABETE4","RESP046","
,  
(64.84507995700051, -147.72205903599973)"
"2023","AK","Alaska","Chronic Health Indicators","Diabetes","Have you ever been told by a doctor that you have diabetes?","Yes, pregnancy-related","$200,000+","Household Income","4",,,,"998","%","Crude Prevalence","*","Prevalence estimate not available if the unweighted sample size for the denominator was < 50 or the Relative Standard Error (RSE) is > 0.3 or if the state did not collect data for that calendar year.","BRFSS","CLASS03","TOPIC18","02","INCOME07","CAT6","DIABETE4","RESP051","
,  
(64.84507995700051, -147.72205903599973)"
"2023","AK","Alaska","Chronic Health Indicators","Diabetes","Have you ever been told by a doctor that you have diabetes?","No","$200,000+","Household Income","277","92","88.5","95.4","999","%","Crude Prevalence",,,"BRFSS","CLASS03","TOPIC18","02","INCOME07","CAT6","DIABETE4","RESP054","
,  
(64.84507995700051, -147.72205903599973)"
"2023","AK","Alaska","Chronic Health Indicators","Diabetes","Have you ever been told by a doctor that you have diabetes?","No, pre-diabetes or borderline diabetes","$200,000+","Household Income","4",,,,"1000","%","Crude Prevalence","*","Prevalence estimate not available if the unweighted sample size for the denominator was < 50 or the Relative Standard Error (RSE) is > 0.3 or if the state did not collect data for that calendar year.","BRFSS","CLASS03","TOPIC18","02","INCOME07","CAT6","DIABETE4","RESP052","
,  
(64.84507995700051, -147.72205903599973)"
